frame,t_sec,mean_mag,max_mag,moving_frac,dominant_dir_deg,divergence,cam_tx,cam_ty,cam_rot_deg,cam_scale,n_objects,object_area_frac,residual_mean,n_tracks,low_texture_frac
1,0.03333,0.0917,0.56059,0.0,0.0,-0.00015,0.0,0.0,0.0,1.0,0,0.0,0.0917,200,0.29233
2,0.06667,0.09829,0.51434,0.0,0.0,3e-05,-0.04031,0.1097,-0.00529,0.99979,0,0.0,0.06682,200,0.29171
3,0.1,0.09465,0.51396,0.0,0.0,-9e-05,-0.03737,0.0973,-0.0062,0.99977,0,0.0,0.0695,200,0.29143
4,0.13333,0.09748,0.56415,0.0,0.0,9e-05,-0.03976,0.08732,-0.00576,0.99983,0,0.0,0.06967,200,0.29112
5,0.16667,0.09881,1.56896,7e-05,209.53987,7e-05,-0.06057,0.08261,-0.00934,0.99984,0,0.0,0.07113,200,0.28925
6,0.2,0.10794,0.66083,0.0,0.0,-0.00018,-0.0445,0.10651,-0.00733,0.99974,0,0.0,0.0764,200,0.29017
7,0.23333,0.09971,1.38575,4e-05,210.52626,4e-05,-0.04954,0.07005,-0.0055,0.99989,0,0.0,0.07166,200,0.28998
8,0.26667,0.10665,0.6331,0.0,0.0,-0.00014,-0.05991,0.09708,-0.01075,0.99983,0,0.0,0.07354,200,0.2897
9,0.3,0.11048,0.59095,0.0,0.0,-0.00011,-0.04771,0.10297,-0.00855,0.99979,0,0.0,0.07494,200,0.29022
10,0.33333,0.10705,0.66954,0.0,0.0,-0.0002,-0.06382,0.10905,-0.01473,0.99983,0,0.0,0.07423,200,0.29087
11,0.36667,0.11076,0.60529,0.0,0.0,-0.00018,-0.04887,0.11377,-0.0098,0.99977,0,0.0,0.07452,200,0.29067
12,0.4,0.11167,0.65082,0.0,0.0,-9e-05,-0.05792,0.12991,-0.01563,0.99979,0,0.0,0.07217,200,0.29054
13,0.43333,0.10847,0.73776,0.0,0.0,-0.00019,-0.06178,0.1231,-0.01455,0.99974,0,0.0,0.07402,200,0.29057
14,0.46667,0.13509,0.73895,0.0,0.0,-0.00013,-0.08708,0.14366,-0.01654,0.9998,0,0.0,0.07794,200,0.29073
15,0.5,0.13362,0.74076,0.0,0.0,-9e-05,-0.07279,0.14244,-0.01325,0.99979,0,0.0,0.07678,200,0.29099
16,0.53333,0.11861,0.77177,0.0,0.0,-0.00014,-0.06741,0.12373,-0.013,0.99978,0,0.0,0.07564,200,0.29161
17,0.56667,0.12912,0.6856,0.0,0.0,-5e-05,-0.06967,0.12079,-0.01003,0.99981,0,0.0,0.07788,200,0.28967
18,0.6,0.12032,0.75731,0.0,0.0,-0.00014,-0.07683,0.13133,-0.01562,0.99978,0,0.0,0.07739,200,0.28922
19,0.63333,0.14131,0.69735,0.0,0.0,-5e-05,-0.09598,0.12769,-0.01372,0.99984,0,0.0,0.08195,200,0.29066
20,0.66667,0.12873,0.74144,0.0,0.0,-0.00011,-0.08162,0.11977,-0.01109,0.99982,0,0.0,0.07695,200,0.29156
21,0.7,0.12234,0.76543,0.0,0.0,-0.00013,-0.09609,0.12823,-0.019,0.99983,0,0.0,0.07693,200,0.29247
22,0.73333,0.14882,0.73751,0.0,0.0,-0.00011,-0.11437,0.14693,-0.01772,0.99984,0,0.0,0.08288,200,0.29302
23,0.76667,0.13222,2.09471,6e-05,199.39869,-0.00018,-0.09718,0.1356,-0.01866,0.99984,0,0.0,0.07999,200,0.29348
24,0.8,0.145,0.8184,0.0,0.0,-0.00028,-0.09608,0.15374,-0.01785,0.99981,0,0.0,0.08137,200,0.29285
25,0.83333,0.14436,2.66687,4e-05,198.40487,-0.00027,-0.09385,0.15699,-0.01742,0.99979,0,0.0,0.08402,200,0.29287
26,0.86667,0.14739,0.79373,0.0,0.0,-0.00043,-0.09919,0.16434,-0.01989,0.99976,0,0.0,0.08586,200,0.2923
27,0.9,0.14359,2.72735,3e-05,195.7296,-0.00038,-0.10431,0.14209,-0.01787,0.99983,0,0.0,0.08257,200,0.29233
28,0.93333,0.14591,0.80039,0.0,0.0,-0.00017,-0.10759,0.13284,-0.01638,0.99985,0,0.0,0.08362,200,0.29104
29,0.96667,0.1428,0.86099,0.0,0.0,-0.00028,-0.09672,0.14488,-0.01737,0.99981,0,0.0,0.08335,200,0.29242
30,1.0,0.15642,0.90855,0.0,0.0,-0.0002,-0.08597,0.18764,-0.02023,0.99972,0,0.0,0.08903,200,0.29608
31,1.03333,0.14138,0.97141,0.0,0.0,-0.00021,-0.10353,0.15145,-0.01848,0.99976,0,0.0,0.08586,200,0.29662
32,1.06667,0.14567,0.84625,0.0,0.0,-0.00019,-0.10017,0.15731,-0.01725,0.99976,0,0.0,0.08427,200,0.29653
33,1.1,0.17247,1.13559,8e-05,212.5734,-0.00029,-0.10293,0.19854,-0.01978,0.9997,0,0.0,0.09409,200,0.29643
34,1.13333,0.14513,1.02263,1e-05,208.37265,-9e-05,-0.10713,0.15104,-0.02046,0.99986,0,0.0,0.08562,200,0.29559
35,1.16667,0.16192,0.81992,0.0,0.0,-0.00015,-0.12622,0.16754,-0.01994,0.9998,0,0.0,0.08946,200,0.29595
36,1.2,0.14369,1.91335,0.00017,203.78204,-0.00036,-0.08857,0.15598,-0.01728,0.99978,0,0.0,0.08733,200,0.29533
37,1.23333,0.15207,0.94448,0.0,0.0,-0.00031,-0.10442,0.16645,-0.01983,0.99976,0,0.0,0.08966,200,0.29493
38,1.26667,0.14885,1.45218,0.00016,210.88216,-0.00027,-0.08949,0.16671,-0.01883,0.99974,0,0.0,0.08898,200,0.29413
39,1.3,0.15395,0.98513,0.0,0.0,-0.00027,-0.0891,0.17415,-0.01903,0.99971,0,0.0,0.092,200,0.29232
40,1.33333,0.15525,0.99252,0.0,0.0,-0.0002,-0.09804,0.158,-0.01711,0.9998,0,0.0,0.08906,200,0.29172
41,1.36667,0.14178,2.34204,0.00117,223.14156,-0.00027,-0.07672,0.15585,-0.0157,0.99972,0,0.0,0.08979,200,0.29321
42,1.4,0.15785,1.79549,0.00026,213.52735,-0.0001,-0.08498,0.18238,-0.01902,0.99973,0,0.0,0.09231,200,0.29217
43,1.43333,0.14825,1.13342,0.0001,219.00233,-0.00015,-0.08301,0.16672,-0.01805,0.9997,0,0.0,0.09536,200,0.29353
44,1.46667,0.16002,1.93821,0.0004,214.35992,-0.00019,-0.09871,0.16567,-0.01811,0.99975,0,0.0,0.09868,200,0.29473
45,1.5,0.15449,1.69326,0.00029,216.98478,-7e-05,-0.0867,0.15848,-0.01708,0.99974,0,0.0,0.09883,200,0.29513
46,1.53333,0.16257,1.05913,4e-05,225.57593,2e-05,-0.07808,0.17483,-0.0182,0.99976,0,0.0,0.09743,200,0.29509
47,1.56667,0.15529,1.14365,0.00239,239.67016,-0.00013,-0.08172,0.15772,-0.01661,0.99974,0,0.0,0.09833,200,0.29558
48,1.6,0.16636,1.22272,0.00067,236.64915,-0.00014,-0.09136,0.18874,-0.02076,0.99972,0,0.0,0.10045,200,0.29464
49,1.63333,0.16773,1.26195,0.00462,238.231,-5e-05,-0.10527,0.15953,-0.01763,0.99981,1,0.00458,0.10004,200,0.29521
50,1.66667,0.15966,1.23551,0.0093,244.68489,-0.0003,-0.0684,0.16993,-0.01533,0.99968,1,0.00694,0.10304,200,0.29575
51,1.7,0.15581,1.27095,0.01271,247.26967,-0.00025,-0.06942,0.1657,-0.01806,0.99968,1,0.01152,0.10892,200,0.29663
52,1.73333,0.16732,1.21542,0.01209,250.72253,-0.00028,-0.07623,0.1711,-0.01507,0.99973,1,0.01294,0.10614,200,0.29597
53,1.76667,0.16523,1.31032,0.01692,252.11676,-0.00047,-0.04296,0.18412,-0.0149,0.99965,1,0.01708,0.10902,200,0.29564
54,1.8,0.16002,1.24591,0.024,250.84176,-0.00041,-0.06127,0.15082,-0.01137,0.99973,1,0.02319,0.10772,200,0.29578
55,1.83333,0.15216,1.35435,0.02684,252.96215,-0.00052,-0.07714,0.15714,-0.01844,0.99971,1,0.02438,0.10799,200,0.29551
56,1.86667,0.16899,1.4681,0.02932,251.93609,-0.00052,-0.05932,0.18453,-0.0176,0.99966,1,0.02737,0.11564,200,0.29542
57,1.9,0.15639,1.82424,0.03037,251.56674,-0.00045,-0.04895,0.15767,-0.01346,0.99972,1,0.0279,0.10666,200,0.29539
58,1.93333,0.16944,1.40113,0.03128,251.78837,-0.00037,-0.05825,0.17318,-0.01622,0.9997,1,0.02881,0.11606,200,0.2965
59,1.96667,0.14698,1.54258,0.0318,252.42319,-0.00043,-0.05423,0.13583,-0.01211,0.99972,1,0.0296,0.10869,200,0.29675
60,2.0,0.16526,1.55752,0.0319,250.4644,-0.00049,-0.0416,0.15156,-0.01442,0.99975,1,0.03051,0.1161,200,0.29883
61,2.03333,0.15965,1.86242,0.03231,249.93465,-0.00049,-0.06367,0.13932,-0.01265,0.9998,1,0.03179,0.10804,200,0.29805
62,2.06667,0.15948,1.87949,0.0331,251.55489,-0.00052,-0.03313,0.15047,-0.01319,0.99981,1,0.03247,0.10873,200,0.29789
63,2.1,0.15376,1.9035,0.03461,250.6601,-0.00054,-0.05305,0.12971,-0.01155,0.99978,1,0.03331,0.1098,200,0.29672
64,2.13333,0.14626,2.07268,0.03559,251.2774,-0.00056,-0.05824,0.12326,-0.01306,0.99982,1,0.03415,0.10678,200,0.29593
65,2.16667,0.1631,1.87835,0.0359,251.43918,-0.00065,-0.04895,0.14495,-0.01173,0.99978,1,0.03417,0.11157,200,0.29606
66,2.2,0.16112,2.05495,0.03691,250.86825,-0.00067,-0.05637,0.11651,-0.00992,0.9999,1,0.03613,0.11212,200,0.29632
67,2.23333,0.16444,2.0625,0.03748,251.10671,-0.00058,-0.05362,0.13591,-0.01388,0.99983,1,0.03657,0.11887,200,0.29695
68,2.26667,0.17096,2.00526,0.03786,251.50132,-0.00069,-0.04177,0.14054,-0.01095,0.99979,1,0.03667,0.12118,200,0.29875
69,2.3,0.16583,2.08501,0.03887,253.09315,-0.00056,-0.02865,0.10637,-0.00835,0.99993,1,0.03801,0.11915,200,0.30028
70,2.33333,0.16024,2.11353,0.03903,252.60691,-0.00078,-0.02924,0.13071,-0.00917,0.99977,1,0.03781,0.11713,200,0.29954
71,2.36667,0.16469,2.20067,0.03831,254.61766,-0.0006,-0.05572,0.1156,-0.01131,0.99991,1,0.03761,0.11935,200,0.30069
72,2.4,0.15939,2.12068,0.03902,253.87776,-0.00066,-0.00739,0.12617,-0.00812,0.99978,1,0.0381,0.11808,200,0.3
73,2.43333,0.15707,2.16192,0.03941,253.78875,-0.00034,-0.02299,0.12184,-0.00917,0.99981,1,0.03863,0.11697,200,0.30023
74,2.46667,0.1485,2.06548,0.03927,254.36596,-0.00038,-0.04387,0.09717,-0.0103,0.99989,1,0.0384,0.11681,200,0.29972
75,2.5,0.16618,2.25649,0.04021,253.94347,-0.00036,-0.03396,0.11568,-0.0089,0.99988,1,0.03997,0.12198,200,0.29933
76,2.53333,0.16659,2.3459,0.04077,255.18956,-0.00056,-0.00897,0.11807,-0.00627,0.99983,1,0.04107,0.12353,200,0.30016
77,2.56667,0.15118,2.39185,0.04239,254.46134,-0.00065,-0.04003,0.086,-0.00807,0.99988,1,0.04175,0.12238,200,0.29936
78,2.6,0.15725,2.45626,0.04378,252.91239,-0.00082,-0.02362,0.09062,-0.00635,0.99987,1,0.04307,0.12593,200,0.30027
79,2.63333,0.15981,2.52674,0.04411,253.59089,-0.00103,-0.00936,0.09986,-0.00573,0.99985,1,0.04379,0.12815,200,0.29946
80,2.66667,0.15311,2.98135,0.04533,252.97649,-0.00122,-0.02226,0.08142,-0.00891,0.99987,1,0.04444,0.13309,200,0.29985
81,2.7,0.15435,2.79251,0.0457,252.57765,-0.00122,-0.01238,0.09031,-0.00582,0.99981,1,0.04232,0.12874,200,0.30145
82,2.73333,0.1692,2.67527,0.04723,251.76349,-0.00131,-0.01903,0.09139,-0.00636,0.99991,1,0.04411,0.13679,200,0.30343
83,2.76667,0.15815,2.69318,0.05165,252.22385,-0.00125,-0.01042,0.0818,-0.00786,0.99985,2,0.05022,0.13714,200,0.30357
84,2.8,0.17654,2.6131,0.05213,252.72472,-0.00128,-0.02533,0.09606,-0.00743,0.99989,2,0.05113,0.1432,200,0.30464
85,2.83333,0.1663,2.68655,0.05378,250.67661,-0.00122,-0.0233,0.07323,-0.00468,0.99987,2,0.05224,0.14506,200,0.30444
86,2.86667,0.17648,2.53457,0.05556,253.16577,-0.00129,-0.01366,0.07728,-0.00591,0.99995,2,0.05423,0.1467,200,0.30533
87,2.9,0.16394,2.85576,0.05647,252.86892,-0.00155,0.00027,0.07296,-0.00308,0.99982,2,0.05489,0.14509,200,0.30525
88,2.93333,0.17329,2.69669,0.05731,253.92175,-0.00117,-0.01151,0.07127,-0.00522,0.99991,2,0.05667,0.15076,200,0.30548
89,2.96667,0.17583,2.70112,0.05742,253.93869,-0.0012,-0.01741,0.06439,-0.00315,0.99991,2,0.05673,0.15456,200,0.30698
90,3.0,0.16967,2.76218,0.05863,253.97225,-0.00131,0.00234,0.06365,-0.00148,0.99988,2,0.05766,0.14968,200,0.30693
91,3.03333,0.16948,2.91094,0.05695,253.12042,-0.00112,0.00431,0.06953,-0.00139,0.99987,2,0.05706,0.14745,200,0.30616
92,3.06667,0.16806,2.94046,0.05805,253.33396,-0.0013,-0.00056,0.05939,-0.0026,0.99989,2,0.05783,0.15217,200,0.30531
93,3.1,0.17673,2.98112,0.05914,252.88103,-0.00166,-0.00928,0.07099,-0.00303,0.99989,2,0.05943,0.15494,200,0.30617
94,3.13333,0.17425,3.03541,0.05954,253.06515,-0.00158,-0.02017,0.05987,-0.00491,0.99991,2,0.06031,0.15804,200,0.30683
95,3.16667,0.17531,3.00549,0.05855,252.80046,-0.00146,-0.00592,0.0737,-0.00328,0.99985,2,0.05971,0.15611,200,0.30643
96,3.2,0.16514,3.27922,0.05775,253.00402,-0.00165,0.00399,0.05712,-0.00222,0.99985,2,0.05647,0.15371,200,0.30621
97,3.23333,0.17099,3.11791,0.05792,252.72156,-0.00168,-0.00419,0.07549,-0.00495,0.99978,2,0.05627,0.1614,200,0.30692
98,3.26667,0.17306,3.24956,0.05782,253.21149,-0.0015,0.00611,0.0652,-0.00532,0.99982,2,0.05673,0.16213,200,0.30594
99,3.3,0.16811,3.14638,0.05748,253.03535,-0.00176,-0.00406,0.0748,-0.00815,0.99976,2,0.05547,0.1653,200,0.30681
100,3.33333,0.16703,3.21504,0.05783,252.37759,-0.00146,0.0034,0.06731,-0.00301,0.99977,2,0.05417,0.15847,200,0.30616
101,3.36667,0.16406,3.13168,0.05958,253.05107,-0.00173,-0.00321,0.04738,-0.00351,0.99981,1,0.05756,0.16397,200,0.30579
102,3.4,0.18373,5.08994,0.06489,253.83312,-0.00243,0.00205,0.05246,-0.00522,0.99984,1,0.06629,0.18016,200,0.30558
103,3.43333,0.1831,3.80301,0.06931,252.6238,-0.0031,0.0063,0.02189,-0.00312,0.9999,1,0.07046,0.1825,200,0.30504
104,3.46667,0.18984,3.83284,0.06873,251.42058,-0.00299,0.01608,0.04692,-0.0019,0.99979,1,0.06688,0.18755,200,0.30477
105,3.5,0.1974,3.95397,0.06866,251.93775,-0.00247,-0.01054,0.04056,-0.00583,0.99991,1,0.07007,0.19327,200,0.30408
106,3.53333,0.18969,3.88587,0.0698,251.48497,-0.00284,0.0016,0.02578,-0.00063,0.99986,1,0.06893,0.19209,200,0.30449
107,3.56667,0.2069,3.92744,0.07087,250.27305,-0.00299,-0.02536,0.05585,-0.00755,0.99984,1,0.07026,0.20447,200,0.30419
108,3.6,0.19827,3.56406,0.07172,251.09683,-0.00307,0.00586,0.03197,-0.00132,0.99988,1,0.07395,0.19708,200,0.30416
109,3.63333,0.1971,3.4417,0.07329,250.29954,-0.00257,-0.0018,0.03558,-0.00482,0.99984,1,0.07359,0.19983,200,0.30352
110,3.66667,0.19837,3.33644,0.07698,249.39617,-0.00228,0.00109,0.02258,-0.00102,0.99988,1,0.07855,0.19943,200,0.30336
111,3.7,0.20584,4.27205,0.07737,249.71565,-0.00274,-0.01616,0.03516,-0.00694,0.99991,1,0.08013,0.20656,200,0.30162
112,3.73333,0.20404,3.36726,0.07733,250.51191,-0.00213,0.0023,0.01876,-0.00401,0.99985,1,0.07922,0.2053,200,0.30166
113,3.76667,0.20961,3.51498,0.07873,250.5871,-0.00226,-0.01924,0.01325,-0.00733,0.99998,1,0.0816,0.21335,200,0.30015
114,3.8,0.21549,3.40594,0.07821,249.50247,-0.00247,-0.02135,0.02864,-0.00436,0.99986,1,0.07993,0.22077,200,0.29907
115,3.83333,0.21448,3.57164,0.07828,249.91565,-0.00263,-0.00566,0.02651,-0.0026,0.99989,1,0.07968,0.21675,200,0.30003
116,3.86667,0.2169,3.91169,0.08098,249.97764,-0.00334,0.00073,0.01571,-0.00198,0.99986,1,0.0806,0.22111,200,0.29919
117,3.9,0.21626,3.52137,0.07884,249.9272,-0.00308,-0.01121,0.00743,-0.00341,0.9999,1,0.0802,0.22155,200,0.29975
118,3.93333,0.21756,3.84336,0.07653,249.48895,-0.00319,-0.01619,0.00772,-0.00305,0.99993,1,0.07829,0.22156,200,0.29848
119,3.96667,0.23471,3.39223,0.07987,249.64051,-0.00323,-0.03045,0.00763,-0.00491,0.99985,1,0.08102,0.2312,200,0.30033
120,4.0,0.2192,3.83954,0.07742,249.0037,-0.00325,0.0056,-0.00089,-0.00033,0.99987,1,0.07612,0.22541,200,0.30019
121,4.03333,0.22922,3.22948,0.07883,249.2109,-0.00312,0.00164,-0.00971,-0.00096,0.99991,1,0.07952,0.22952,200,0.29985
122,4.06667,0.22671,3.18373,0.08079,249.43648,-0.00279,-0.00579,0.01832,-0.00571,0.99983,1,0.08349,0.23332,200,0.29925
123,4.1,0.2378,3.19787,0.08297,249.06607,-0.00218,-0.00955,0.00153,-0.0056,0.99983,1,0.08391,0.23611,200,0.30039
124,4.13333,0.24013,3.30956,0.08421,249.0689,-0.00213,-0.00796,-0.01652,-0.00151,0.99989,1,0.08602,0.23136,200,0.30002
125,4.16667,0.23441,3.76759,0.0822,249.17754,-0.00247,-0.00073,0.00454,-0.00422,0.99987,2,0.08487,0.23272,200,0.29927
126,4.2,0.24232,3.46662,0.0898,247.64944,-0.00265,-0.00779,-0.01696,-0.00067,0.99988,2,0.09318,0.23356,200,0.30067
127,4.23333,0.23605,3.12244,0.08856,248.02472,-0.00257,-0.01364,0.00483,-0.00494,0.99989,2,0.09161,0.23499,200,0.29848
128,4.26667,0.24109,3.15905,0.08885,247.56386,-0.00256,-0.00745,-0.00974,-0.00296,0.99989,2,0.0927,0.23567,200,0.29904
129,4.3,0.24614,3.14692,0.0902,248.18226,-0.00256,-0.01868,-0.01823,-0.00423,0.99995,2,0.09126,0.23803,200,0.29791
130,4.33333,0.245,3.12461,0.09066,247.50085,-0.00265,-0.01182,-0.00255,-0.0021,0.99989,2,0.09369,0.24313,200,0.29626
131,4.36667,0.26666,9.21162,0.09712,249.09924,-0.00335,-0.02326,0.00775,-0.00748,0.99982,2,0.09954,0.26131,199,0.29546
132,4.4,0.26,6.04102,0.09771,246.2268,-0.00363,-0.01168,0.00395,-0.0039,0.99986,2,0.10063,0.26178,199,0.29501
133,4.43333,0.28675,4.56355,0.10015,246.17773,-0.00361,-0.02539,-0.01657,-0.00686,0.99986,2,0.1023,0.27132,199,0.29511
134,4.46667,0.28789,5.85109,0.10088,244.45153,-0.00354,-0.01723,-0.00799,-0.00436,0.99981,2,0.10346,0.27383,199,0.29499
135,4.5,0.2788,6.98742,0.1026,243.56705,-0.00263,-0.01149,-0.01253,-0.00165,0.99988,2,0.10485,0.27081,199,0.29606
136,4.53333,0.29089,5.97621,0.10227,243.67814,-0.00215,-0.00918,-0.03042,-0.00355,0.99988,2,0.10498,0.26876,199,0.29645
137,4.56667,0.29021,6.5264,0.10406,243.66826,-0.00151,-0.00088,-0.01802,-0.00487,0.99982,2,0.10905,0.26905,199,0.29554
138,4.6,0.27893,6.20442,0.10348,244.19112,-0.00097,-0.01574,-0.02042,-0.00714,0.99989,2,0.10917,0.26665,199,0.29539
139,4.63333,0.28191,6.25494,0.10413,242.69136,-0.00098,-0.01181,-0.02545,-0.00478,0.99986,2,0.10948,0.26339,199,0.29462
140,4.66667,0.28154,5.42872,0.10344,243.3593,-0.00037,-0.04097,-0.07355,-0.00939,1.00013,2,0.10487,0.26091,199,0.29278
141,4.7,0.27409,6.6479,0.1058,241.51144,-0.00097,-0.02679,-0.02739,-0.00758,0.99993,2,0.10593,0.25784,199,0.29257
142,4.73333,0.27724,6.4376,0.10503,241.57462,-0.00098,-0.01398,-0.02168,-0.00581,0.99987,2,0.10542,0.25736,199,0.2936
143,4.76667,0.28445,3.99834,0.10516,242.58309,-0.00097,-0.0082,-0.03998,-0.00628,0.99988,2,0.10561,0.2521,199,0.29308
144,4.8,0.28128,4.98572,0.10815,241.46822,-0.00106,-0.01262,-0.0237,-0.00775,0.99984,2,0.10727,0.25808,199,0.2918
145,4.83333,0.27827,3.00201,0.10705,239.96487,-0.00132,-0.02025,-0.00518,-0.01173,0.9998,2,0.10631,0.25716,199,0.29189
146,4.86667,0.28056,2.6265,0.10766,240.11787,-0.00115,-0.00655,-0.01645,-0.01038,0.99983,2,0.10853,0.25674,199,0.29162
147,4.9,0.27404,2.63329,0.10816,238.29134,-0.00108,-0.01431,-0.01747,-0.00889,0.99985,2,0.10835,0.25433,199,0.2918
148,4.93333,0.27737,2.62582,0.10648,236.88253,-0.00117,-0.02263,-0.02212,-0.01006,0.99989,2,0.10614,0.25415,199,0.29175
149,4.96667,0.28047,3.1835,0.10939,234.88367,-0.00147,-0.00681,-0.02627,-0.0072,0.99982,2,0.10642,0.25168,199,0.29071
150,5.0,0.28096,2.462,0.1069,233.45838,-0.00118,-0.00751,-0.02336,-0.01054,0.99985,2,0.10554,0.253,199,0.29112
151,5.03333,0.28492,2.46787,0.10876,230.4384,-0.00123,-0.02047,-0.04751,-0.0061,0.99988,2,0.10517,0.25122,199,0.29096
152,5.06667,0.29131,2.54699,0.10959,229.8233,-0.00113,-0.00854,-0.05041,-0.00594,0.99985,2,0.10652,0.25217,199,0.29058
153,5.1,0.26992,2.64367,0.11046,225.4829,-0.001,-0.00242,-0.0326,-0.0064,0.99991,2,0.10854,0.25189,199,0.2899
154,5.13333,0.2856,3.13048,0.11146,223.78362,-0.00096,-0.00992,-0.035,-0.0091,0.99985,2,0.10949,0.26163,198,0.28961
155,5.16667,0.26202,2.83565,0.11026,219.77892,-0.00081,-0.00039,-0.0072,-0.0065,0.99981,2,0.10807,0.25548,198,0.28977
156,5.2,0.28472,2.90447,0.1103,216.54771,-0.00085,-0.00696,-0.03046,-0.00692,0.99979,2,0.10792,0.25876,198,0.28824
157,5.23333,0.28637,3.03612,0.10854,209.99053,-0.00054,-0.01318,-0.03816,-0.00761,0.99985,2,0.10633,0.25514,198,0.28867
158,5.26667,0.28637,3.21164,0.10812,204.89682,-0.00033,-0.00183,-0.0325,-0.00702,0.99981,2,0.10654,0.25744,198,0.28788
159,5.3,0.27858,4.01362,0.10579,195.23574,5e-05,-0.00595,-0.03816,-0.00492,0.99984,2,0.10454,0.25832,198,0.28617
160,5.33333,0.28432,4.03286,0.10378,188.72803,-6e-05,0.00433,-0.04414,-0.0047,0.99986,2,0.10227,0.25605,198,0.28497
161,5.36667,0.28337,4.32438,0.10336,180.3054,1e-05,-0.0054,-0.03179,-0.00748,0.99986,2,0.10122,0.26098,198,0.2846
162,5.4,0.29073,3.97109,0.10321,175.36743,8e-05,0.0015,-0.03082,-0.00821,0.99984,2,0.10187,0.26882,198,0.28378
163,5.43333,0.30747,3.93423,0.10499,168.61467,0.00011,0.0037,-0.04547,-0.00458,0.99985,2,0.10374,0.27748,198,0.28209
164,5.46667,0.30985,4.0864,0.10549,161.52639,0.0005,-0.0085,-0.04151,-0.00645,0.9999,2,0.10467,0.28464,198,0.28124
165,5.5,0.31769,4.24934,0.10602,156.26809,0.00052,-0.00366,-0.04235,-0.00466,0.99989,2,0.10536,0.28996,198,0.27934
166,5.53333,0.32984,4.41487,0.10623,148.84856,0.00067,-0.00454,-0.04548,-0.00851,0.99994,2,0.10537,0.29944,198,0.27815
167,5.56667,0.32985,4.80341,0.10683,144.87827,0.00093,-0.00234,-0.03099,-0.00616,0.99988,2,0.10626,0.31018,198,0.27788
168,5.6,0.34395,4.90203,0.10799,141.82048,0.00122,-0.00028,-0.04061,-0.00734,0.9999,2,0.1066,0.31994,198,0.27795
169,5.63333,0.33919,5.14531,0.10727,138.02236,0.00131,0.01513,-0.02289,-0.00563,0.99989,2,0.10643,0.32508,198,0.27796
170,5.66667,0.35011,5.91129,0.10828,137.63972,0.00144,0.00269,-0.03919,-0.00524,0.99993,2,0.10711,0.33668,198,0.2765
171,5.7,0.33961,6.21314,0.10825,135.47485,0.0017,0.00263,-0.01892,-0.00493,0.99992,2,0.10684,0.33231,198,0.27675
172,5.73333,0.37166,5.64823,0.10706,134.3569,0.00141,0.01183,-0.054,-0.00604,0.99995,2,0.1051,0.34078,198,0.27686
173,5.76667,0.3599,5.99847,0.10666,132.88866,0.00147,0.00278,-0.02827,-0.00591,0.99987,2,0.10464,0.34276,198,0.273
174,5.8,0.37261,6.41186,0.10703,130.54974,0.00163,-0.00212,-0.04846,-0.0079,0.99996,3,0.10558,0.34665,198,0.27235
175,5.83333,0.34629,6.56826,0.10473,128.10807,0.00133,0.00529,-0.02899,-0.00331,0.99995,3,0.10259,0.34123,198,0.2727
176,5.86667,0.35473,7.00689,0.10165,126.8081,0.00128,0.00583,-0.03515,-0.00516,0.99992,3,0.09959,0.33843,198,0.27357
177,5.9,0.33708,6.23891,0.0975,126.6811,0.00089,-0.00215,-0.05125,-0.00545,1.0,3,0.09517,0.31909,198,0.27606
178,5.93333,0.34385,6.45364,0.09295,126.59274,0.00117,0.01953,-0.03056,-0.00599,0.99991,3,0.09032,0.32109,198,0.27732
179,5.96667,0.35805,7.84091,0.09218,126.0362,0.00218,-0.00739,-0.06936,-0.00285,1.00008,3,0.08996,0.33127,197,0.27761
180,6.0,0.33888,6.87303,0.08812,123.6666,0.00165,0.03121,-0.03022,-0.00026,0.99987,3,0.08521,0.32948,197,0.27836
181,6.03333,0.33925,7.3477,0.0867,123.71819,0.00208,0.00442,-0.05804,0.00012,1.00001,3,0.08433,0.32198,197,0.27888
182,6.06667,0.33508,7.53037,0.08557,122.10049,0.00167,0.00699,-0.03179,-0.0035,0.99991,3,0.08206,0.31839,197,0.28001
183,6.1,0.32183,7.26326,0.08441,122.77394,0.00151,0.01955,-0.0201,0.00072,0.99989,3,0.08123,0.31723,197,0.28022
184,6.13333,0.3119,6.3182,0.08142,130.11681,0.00242,0.02865,-0.07437,0.00751,1.00009,3,0.07939,0.30319,197,0.28195
185,6.16667,0.27871,6.66558,0.07471,127.77033,0.00226,0.00221,-0.01417,-0.00266,0.99991,3,0.07204,0.27715,197,0.28309
186,6.2,0.28799,7.0384,0.07067,126.66546,0.00238,0.02413,-0.04862,0.00176,0.9999,3,0.06656,0.26865,197,0.28496
187,6.23333,0.25087,7.00954,0.05915,122.49295,0.00154,0.02606,-0.01097,-0.00068,0.99993,3,0.05765,0.24654,197,0.28713
188,6.26667,0.23439,7.43567,0.0551,122.16603,0.0014,0.00822,-0.03098,0.00114,0.99995,3,0.05247,0.22925,197,0.28967
189,6.3,0.23019,7.56796,0.05294,123.68677,0.00083,0.03004,-0.02314,-0.00287,0.99994,3,0.0494,0.21862,197,0.29058
190,6.33333,0.20537,7.10244,0.05179,129.27441,0.00084,0.01145,-0.01466,-0.00326,0.99991,3,0.04981,0.20357,197,0.29146
191,6.36667,0.18955,7.4246,0.0425,125.40097,0.00059,0.02141,-0.01592,-0.00341,0.99989,3,0.03917,0.17688,197,0.29321
192,6.4,0.16206,7.15115,0.03915,126.75094,0.0008,-0.00295,-0.01524,-0.00568,0.99991,3,0.03509,0.15831,197,0.29455
193,6.43333,0.12848,7.49488,0.03202,132.2631,0.00041,0.01695,-0.02819,0.00097,0.99991,3,0.02804,0.12456,197,0.29565
194,6.46667,0.10984,3.50567,0.02682,144.34028,0.00011,0.02235,-0.02515,-0.00256,0.99991,3,0.0224,0.10192,197,0.29658
195,6.5,0.08859,2.17381,0.02353,140.83159,-2e-05,0.00663,-0.01317,-0.00242,0.99991,2,0.01969,0.09317,197,0.29719
196,6.53333,0.08891,2.33568,0.02405,137.73395,-6e-05,0.00107,-0.00284,-0.00621,0.99988,2,0.01849,0.09722,197,0.29623
197,6.56667,0.10105,2.17729,0.02375,133.91541,-0.00021,0.03133,-0.00501,-0.00218,0.99984,2,0.01821,0.09568,197,0.29571
198,6.6,0.09254,2.39022,0.01881,119.17251,-9e-05,0.0236,0.0066,-0.00358,0.99983,1,0.01446,0.0972,197,0.29545
199,6.63333,0.10641,2.42523,0.02064,122.10413,-2e-05,0.00069,-0.01428,-0.00685,0.99985,1,0.01494,0.09911,197,0.29635
200,6.66667,0.1066,2.61214,0.01993,118.8954,-9e-05,0.03062,0.00429,-0.00422,0.99979,1,0.0155,0.10218,197,0.29684
201,6.7,0.10615,2.60014,0.02077,118.89336,-8e-05,0.01553,-0.02653,-0.00158,0.99992,1,0.01602,0.09755,197,0.29717
202,6.73333,0.09489,2.79335,0.02119,118.58519,-0.00021,0.00611,0.0025,-0.00346,0.99987,1,0.01661,0.09924,197,0.29631
203,6.76667,0.09622,2.95405,0.01802,113.1126,-6e-05,0.00663,-0.01269,-0.00209,0.99993,1,0.01714,0.09784,197,0.29585
204,6.8,0.09719,2.95247,0.01932,113.9242,-0.0002,0.0133,0.00904,-0.00282,0.99985,1,0.0177,0.10042,197,0.29558
205,6.83333,0.114,3.4156,0.02269,116.14311,-0.00103,0.02056,0.00214,-0.00148,0.99987,2,0.02315,0.11495,197,0.29467
206,6.86667,0.14615,6.46107,0.02877,144.74521,-0.00173,0.00941,-0.02297,-0.00097,0.99993,2,0.02843,0.14094,197,0.29521
207,6.9,0.13902,4.75276,0.03136,160.30662,-0.00191,0.00225,0.0003,-0.00136,0.9999,2,0.03276,0.14512,197,0.29489
208,6.93333,0.16389,3.82471,0.03549,172.68155,-0.00198,0.01345,-0.00432,-0.00386,0.99989,2,0.03617,0.1586,197,0.29392
209,6.96667,0.17139,6.1214,0.03902,181.63972,-0.00313,0.00489,-0.00038,-0.00198,0.99988,2,0.03989,0.17382,197,0.292
210,7.0,0.1797,4.11513,0.0416,186.18791,-0.00257,0.00407,0.00358,-0.00133,0.99988,2,0.04327,0.18404,197,0.29071
211,7.03333,0.20295,4.95735,0.04545,191.21367,-0.00293,-0.0042,0.00357,-0.00626,0.99992,2,0.04741,0.20521,197,0.28984
212,7.06667,0.22184,8.54914,0.04954,193.77592,-0.00353,0.00687,-0.00099,-0.00359,0.99992,2,0.05136,0.22229,197,0.28766
213,7.1,0.2337,5.33873,0.05346,196.766,-0.00353,-0.00276,0.00849,-0.00392,0.9999,2,0.05515,0.23643,197,0.28559
214,7.13333,0.25478,4.77656,0.05655,198.94929,-0.00326,-0.00084,-0.00701,-0.00464,0.99994,2,0.05894,0.25503,197,0.28337
215,7.16667,0.25848,5.19063,0.05937,195.17768,-0.00283,0.00286,0.01039,-0.00141,0.99993,2,0.06202,0.26121,197,0.28336
216,7.2,0.27482,5.49301,0.06214,193.18236,-0.00267,-0.00604,0.00655,-0.00325,0.99993,2,0.06545,0.2802,197,0.28241
217,7.23333,0.29053,5.7483,0.06469,189.64037,-0.00211,0.00204,0.00104,-0.0029,0.99992,2,0.06781,0.29357,197,0.28321
218,7.26667,0.30734,6.03579,0.06654,179.43367,-0.00083,0.02029,0.00167,-0.00168,0.99993,2,0.07113,0.30666,197,0.28113
219,7.3,0.31102,6.55246,0.06742,173.32271,-0.00071,-0.00724,0.00699,-0.00389,0.99992,2,0.07166,0.31519,197,0.27952
220,7.33333,0.3344,6.77029,0.07047,174.5727,-0.00135,0.01845,-0.01158,-0.0007,0.9999,2,0.075,0.32984,197,0.27886
221,7.36667,0.36218,7.21198,0.07676,186.97215,-0.00368,0.01238,0.00636,-0.00342,0.99987,2,0.08001,0.3639,197,0.27844
222,7.4,0.36296,7.29744,0.07781,187.10062,-0.00322,-0.0082,0.00466,-0.00341,0.99993,2,0.08095,0.36849,197,0.27775
223,7.43333,0.37626,7.6891,0.08121,189.63736,-0.00326,0.00622,0.00217,-0.00435,0.9999,2,0.08506,0.37777,197,0.27893
224,7.46667,0.36955,7.61637,0.08306,197.39923,-0.003,0.02309,-0.00847,0.00353,0.99992,2,0.08664,0.37427,197,0.27936
225,7.5,0.32137,7.07279,0.08015,219.77223,-0.00106,-0.02056,0.02432,-0.00653,0.99993,2,0.08352,0.32326,197,0.2796
226,7.53333,0.312,7.54927,0.07655,217.61822,-0.00115,-0.00443,0.01474,-0.00602,0.99992,2,0.08063,0.31242,197,0.27895
227,7.56667,0.31244,7.94222,0.07421,218.76767,-0.00165,-0.00048,-0.00517,-0.00492,0.99995,2,0.07717,0.31178,197,0.27937
228,7.6,0.3082,8.47775,0.07465,230.68099,-0.00303,-0.00925,-0.01562,-0.00502,1.00001,2,0.07758,0.30496,197,0.27946
229,7.63333,0.27782,8.46169,0.07267,240.77523,-0.00286,-0.00037,-0.00021,-0.004,0.9999,2,0.07511,0.27444,197,0.27941
230,7.66667,0.24078,5.74618,0.06602,250.01279,-0.00235,-0.00369,0.00321,-0.00424,0.99994,2,0.06739,0.24205,197,0.27891
231,7.7,0.23332,6.51097,0.06481,251.19533,-0.0031,0.00364,0.00229,-0.003,0.99993,1,0.06548,0.23433,197,0.27703
232,7.73333,0.24373,6.66856,0.06637,250.97167,-0.00342,-0.00734,0.00713,-0.00655,0.99999,1,0.06685,0.24159,197,0.27566
233,7.76667,0.24378,5.37965,0.06758,251.05304,-0.00356,-0.0043,-0.00397,-0.00269,0.99996,1,0.06825,0.24513,197,0.27535
234,7.8,0.2495,4.72067,0.06975,251.69961,-0.00357,-0.01396,-0.00197,-0.00335,1.00002,1,0.0703,0.25067,197,0.27422
235,7.83333,0.25521,4.48677,0.07083,252.03692,-0.00357,0.00133,0.01106,-0.00408,0.99994,1,0.0716,0.25397,197,0.27414
236,7.86667,0.26232,5.96876,0.07219,252.55103,-0.00295,-0.01859,0.00637,-0.0049,1.00001,1,0.07295,0.26253,197,0.27385
237,7.9,0.25157,5.9538,0.0729,252.25576,-0.00185,-0.00794,0.00536,-0.00294,1.00001,1,0.07375,0.25047,197,0.27426
238,7.93333,0.26109,7.64355,0.0731,252.07023,-0.00174,0.011,0.01239,-0.00412,0.99997,1,0.07445,0.25437,197,0.27472
239,7.96667,0.25167,5.2299,0.07249,253.198,-0.00033,0.00399,0.00393,-0.00519,1.00002,1,0.07484,0.24614,197,0.27494
240,8.0,0.23991,4.30813,0.07086,252.58291,-0.00015,0.00405,-0.01622,-0.00216,1.00004,1,0.07437,0.23746,197,0.27489
241,8.03333,0.22267,4.06139,0.06798,252.39965,3e-05,-0.00809,0.01732,-0.0043,0.99993,1,0.06891,0.22383,197,0.27657
242,8.06667,0.21716,4.23082,0.06747,252.51798,-6e-05,-0.00018,-0.00583,-0.00313,1.0,1,0.06807,0.21582,197,0.27725
243,8.1,0.21104,4.03969,0.06667,252.39533,0.0001,-0.02024,0.01498,-0.00649,1.00001,1,0.06711,0.20987,197,0.27664
244,8.13333,0.19716,3.46005,0.06627,252.52794,-6e-05,-2e-05,-0.00411,-0.00019,1.00002,1,0.06643,0.19773,197,0.27777
245,8.16667,0.19966,3.33315,0.06434,252.81043,-0.00025,0.01627,0.01963,-0.00225,0.99993,1,0.06446,0.19416,197,0.27704
246,8.2,0.18221,3.22025,0.06217,252.90691,-7e-05,-0.0012,-0.00757,-0.00248,1.00003,1,0.06218,0.18269,197,0.27765
247,8.23333,0.1739,3.24983,0.06035,252.44466,3e-05,-0.00968,0.00799,-0.00423,1.00001,1,0.06022,0.17309,197,0.27815
248,8.26667,0.16457,3.25459,0.05806,252.94024,7e-05,-0.00916,-0.00673,-0.0032,1.00004,1,0.05791,0.16654,197,0.2797
249,8.3,0.17236,3.3527,0.05626,252.27769,-5e-05,0.0207,0.02707,-0.00283,0.99991,1,0.05583,0.16263,197,0.28125
250,8.33333,0.15438,3.20199,0.05423,252.52177,-6e-05,-0.00329,-0.00249,-0.00355,1.00003,1,0.05396,0.15426,197,0.28262
251,8.36667,0.15177,2.92106,0.05263,252.77858,-0.00017,0.00264,0.01715,0.00039,1.0,1,0.05225,0.14732,197,0.2839
252,8.4,0.14986,2.80774,0.05085,253.85618,-0.00012,-0.00059,0.02943,-0.00308,1.0,1,0.05075,0.1411,197,0.28402
253,8.43333,0.13779,2.67978,0.04925,254.26895,-0.0001,0.00989,0.01578,-0.00051,0.99998,1,0.04871,0.13357,197,0.28385
254,8.46667,0.12709,2.62979,0.04781,253.70162,-0.00021,0.00906,0.00947,0.00031,0.99999,1,0.04723,0.12418,197,0.28528
255,8.5,0.12639,2.57949,0.04661,252.36591,-0.00013,-0.00882,0.03253,-0.00494,0.99994,1,0.04594,0.12282,197,0.28462
256,8.53333,0.12516,2.47409,0.04458,252.55141,-0.0001,0.00179,0.02044,-0.00216,1.0,1,0.044,0.11791,197,0.2851
257,8.56667,0.12402,2.39475,0.04325,253.23081,-0.00012,0.008,0.01927,-0.00106,0.99999,1,0.04272,0.11913,197,0.28544
258,8.6,0.1248,2.32124,0.04205,252.86555,-0.00018,0.00081,0.0457,-0.00393,0.99994,1,0.04143,0.11306,197,0.28613
259,8.63333,0.11817,2.2536,0.04106,253.98083,-0.00014,0.02677,0.02108,0.00014,0.99994,1,0.04009,0.10808,197,0.28722
260,8.66667,0.10021,2.19853,0.03994,254.33928,-0.00015,-4e-05,0.02114,-0.00401,0.99993,1,0.03888,0.09909,197,0.28816
261,8.7,0.10278,2.12648,0.03878,254.37018,-0.00014,0.01384,0.02679,-0.0032,0.9999,1,0.0378,0.09858,197,0.28819
262,8.73333,0.10389,2.06149,0.0377,254.64094,-0.00012,0.02175,0.03017,-3e-05,0.99989,1,0.03681,0.09902,197,0.28796
263,8.76667,0.09867,2.02697,0.03743,254.30805,-2e-05,0.01806,0.01336,-0.00032,0.99992,1,0.03612,0.09484,197,0.2881
264,8.8,0.09716,2.0139,0.03698,252.86829,-1e-05,0.01131,0.01832,-0.00195,0.99992,1,0.03541,0.09346,197,0.29006
265,8.83333,0.11172,1.91697,0.03527,253.24959,3e-05,0.02016,0.04112,-0.00136,0.99994,1,0.03427,0.09889,197,0.29206
266,8.86667,0.08769,2.08087,0.03487,252.27437,-0.00017,0.01869,0.03295,0.00054,0.99986,1,0.03335,0.0865,197,0.2915
267,8.9,0.08874,1.93965,0.03391,252.08029,-0.0001,0.00284,0.0332,-0.00544,0.9999,1,0.03219,0.08757,197,0.29222
268,8.93333,0.09598,1.78725,0.03329,253.85046,-7e-05,0.03035,0.03363,-0.00077,0.99987,1,0.03169,0.08666,197,0.29276
269,8.96667,0.08286,1.74928,0.03157,252.3997,-7e-05,0.00129,0.0207,-0.00084,0.99997,1,0.03018,0.0792,197,0.29298
270,9.0,0.08646,1.68796,0.02915,252.76088,-1e-05,0.00824,0.03328,-0.00471,0.99993,1,0.02825,0.07919,197,0.29336
271,9.03333,0.07939,1.6457,0.0297,251.63229,-0.0001,0.00918,0.03453,-0.00149,0.99988,1,0.028,0.07796,197,0.29325
272,9.06667,0.07759,1.62106,0.02896,253.45684,-7e-05,0.01282,0.01642,-0.00134,0.99994,1,0.0272,0.07481,197,0.29296
273,9.1,0.07136,1.60757,0.02718,252.80794,-0.00013,0.01121,0.02186,-0.00145,0.9999,1,0.02539,0.07001,197,0.29384
274,9.13333,0.07085,1.58098,0.02557,251.70136,-6e-05,0.01254,0.0166,-0.00084,0.99993,1,0.02392,0.06969,197,0.29261
275,9.16667,0.07011,1.52819,0.02558,253.59726,-0.0001,0.00925,0.01002,-0.00229,0.99996,1,0.02412,0.06588,197,0.29244
276,9.2,0.06617,1.51466,0.02372,252.26212,-5e-05,0.00971,0.01229,-0.00187,0.99994,1,0.02235,0.06407,197,0.29272
277,9.23333,0.06705,1.55954,0.02294,252.95897,-7e-05,0.01758,0.0168,-0.00059,0.9999,1,0.02116,0.06435,197,0.29243
278,9.26667,0.06853,1.40322,0.01962,253.40231,-3e-05,-0.00562,0.01973,-0.00134,0.99999,1,0.01906,0.06503,197,0.29243
279,9.3,0.06393,1.39081,0.01912,253.92364,-0.00015,0.01851,0.00468,0.00258,0.9999,1,0.01747,0.06858,197,0.29302
280,9.33333,0.0685,1.33122,0.01805,254.01173,-0.0001,0.02599,0.01636,0.00088,0.99991,1,0.01656,0.06569,197,0.29394
281,9.36667,0.05575,1.38933,0.01787,253.29284,-5e-05,0.00373,0.00094,0.00029,0.99992,1,0.01592,0.0606,197,0.29388
282,9.4,0.05805,1.32357,0.01692,253.36335,-5e-05,0.00521,-0.00213,-0.00146,0.99993,1,0.01496,0.05845,197,0.29327
283,9.43333,0.05269,1.30426,0.01619,252.91672,-0.00013,0.00021,0.00109,-0.00071,0.99997,1,0.01446,0.05417,197,0.29213
284,9.46667,0.05944,1.29571,0.01627,253.9864,-3e-05,0.0114,-0.00849,0.00068,0.99992,1,0.01396,0.05736,197,0.29283
285,9.5,0.05129,1.26715,0.01435,253.30743,4e-05,-0.0009,0.00141,-0.00142,0.99997,1,0.01252,0.05183,197,0.29203
286,9.53333,0.04848,1.18475,0.01325,253.86569,-2e-05,0.00191,0.00339,-0.00022,0.99994,1,0.01107,0.05175,197,0.29256
287,9.56667,0.04968,1.16853,0.01109,254.16225,-4e-05,0.0095,-0.00713,0.00225,0.99997,1,0.00885,0.05242,197,0.29295
288,9.6,0.04735,1.15822,0.00941,254.06427,0.0,-0.00162,-0.00615,-0.0006,0.99996,1,0.00714,0.04914,197,0.29237
289,9.63333,0.04364,1.17748,0.00788,251.11655,3e-05,-0.00881,0.00263,-0.00065,0.99996,1,0.00579,0.04763,197,0.29241
290,9.66667,0.05573,1.1775,0.00844,254.34019,-8e-05,0.0018,-0.00685,-0.00134,0.99994,1,0.00556,0.05205,197,0.29363
291,9.7,0.05668,1.13261,0.00502,252.05794,-0.00012,0.00632,-0.016,-0.00083,0.99998,0,0.0,0.04796,197,0.29413
292,9.73333,0.05014,1.05603,0.00308,250.069,-0.00022,0.00864,0.00453,-0.00115,0.99992,0,0.0,0.04829,197,0.29394
293,9.76667,0.04524,1.07863,0.00234,251.29433,1e-05,-0.00688,-0.01454,0.0001,1.0,0,0.0,0.04592,197,0.29437
294,9.8,0.05237,0.98569,0.0,0.0,-4e-05,-0.01516,0.00908,-0.00179,1.0,0,0.0,0.05129,197,0.29491
295,9.83333,0.04823,1.04442,0.00137,250.96119,-9e-05,0.00015,-0.01653,-0.00024,0.99998,0,0.0,0.04399,197,0.29533
296,9.86667,0.04258,1.01705,0.00044,249.37344,-0.0001,0.00132,-0.01367,0.00044,0.99999,0,0.0,0.04197,197,0.2951
297,9.9,0.04012,0.9649,0.0,0.0,-5e-05,-0.00748,-0.00487,-0.00134,0.99999,0,0.0,0.04239,197,0.29469
298,9.93333,0.04268,0.98061,0.0,0.0,-0.00019,-0.00401,-0.00577,-0.00193,0.99998,0,0.0,0.0429,197,0.29498
299,9.96667,0.04146,0.927,0.0,0.0,-0.00017,-0.01227,-0.01541,0.00023,1.0,0,0.0,0.041,197,0.2946
300,10.0,0.04443,0.94076,0.0,0.0,-9e-05,-0.02294,0.00284,-0.00325,0.99999,0,0.0,0.04399,197,0.29456
301,10.03333,0.0503,0.90886,0.0,0.0,-8e-05,-0.01816,-0.02032,-0.0028,0.99998,0,0.0,0.04318,197,0.29519
302,10.06667,0.0462,0.88631,0.0,0.0,-0.00025,0.00694,-0.01208,-0.00018,0.99996,0,0.0,0.04264,197,0.2965
303,10.1,0.05779,0.87552,0.0,0.0,-0.00014,-0.01866,-0.02618,-0.00268,0.99999,0,0.0,0.04376,197,0.29661
304,10.13333,0.05348,0.88109,0.0,0.0,-0.00026,-0.01571,-0.01285,-0.00097,0.99995,0,0.0,0.04366,197,0.29644
305,10.16667,0.04486,0.86459,0.0,0.0,-0.00018,-0.01786,-0.01644,-0.00456,1.0,0,0.0,0.04036,197,0.29763
306,10.2,0.03694,0.82206,0.0,0.0,-0.00016,-0.00409,-0.00196,-0.00096,0.99994,0,0.0,0.03683,197,0.29747
307,10.23333,0.042,0.82747,0.0,0.0,-2e-05,-0.01227,-0.02222,-0.00224,1.0,0,0.0,0.04096,197,0.29635
308,10.26667,0.04206,0.8457,0.0,0.0,-1e-05,-0.01051,-0.00768,-0.00481,0.99995,0,0.0,0.03744,197,0.29645
309,10.3,0.03646,0.7756,0.0,0.0,-0.00011,-0.01686,-0.00307,-0.00422,0.99996,0,0.0,0.03645,197,0.29574
310,10.33333,0.04567,0.7876,0.0,0.0,-0.00011,-0.02127,-0.01515,-0.00656,0.99997,0,0.0,0.03957,197,0.29537
311,10.36667,0.0398,0.76685,0.0,0.0,-0.0001,-0.00827,-0.00545,-0.00387,0.99995,0,0.0,0.03613,197,0.29507
312,10.4,0.03903,0.7267,0.0,0.0,-1e-05,-0.01741,-0.01373,-0.00348,1.0,0,0.0,0.036,197,0.29449
313,10.43333,0.03806,0.72806,0.0,0.0,-6e-05,-0.02572,0.00056,-0.00719,0.99997,0,0.0,0.0366,197,0.29473
314,10.46667,0.04591,0.73014,0.0,0.0,-5e-05,-0.00821,-0.02569,-0.00123,0.99999,0,0.0,0.0353,197,0.29451
315,10.5,0.03793,0.70707,0.0,0.0,-0.00017,-0.02634,0.00697,-0.0076,0.99995,0,0.0,0.03603,197,0.29424
316,10.53333,0.03106,0.70185,0.0,0.0,-4e-05,-0.01607,-0.00167,-0.00281,0.99999,0,0.0,0.0315,197,0.29397
317,10.56667,0.04228,0.7051,0.0,0.0,-0.00024,-0.02152,-0.0029,-0.00487,0.99994,0,0.0,0.03613,197,0.29371
318,10.6,0.04598,0.71594,0.0,0.0,-3e-05,-0.02457,-0.01603,-0.00564,1.00001,0,0.0,0.03604,197,0.29416
319,10.63333,0.03369,0.6765,0.0,0.0,-0.00015,-0.00311,-0.00872,-0.00104,0.99997,0,0.0,0.03106,197,0.29474
320,10.66667,0.02952,0.62427,0.0,0.0,-5e-05,-0.01105,-0.00179,-0.00088,0.99996,0,0.0,0.02867,197,0.29383
321,10.7,0.0381,0.65664,0.0,0.0,-0.00011,-0.02373,-0.0144,-0.00354,0.99999,0,0.0,0.03345,197,0.2925
322,10.73333,0.04369,0.65327,0.0,0.0,-0.00012,-0.02381,-0.0176,-0.00513,0.99996,0,0.0,0.03628,197,0.29416
323,10.76667,0.04024,0.64508,0.0,0.0,-0.00019,-0.01287,0.01242,-0.00483,0.99994,0,0.0,0.04168,197,0.29792
324,10.8,0.03966,0.64068,0.0,0.0,-0.00026,-0.00307,0.00458,-0.00288,0.99988,0,0.0,0.03176,197,0.29814
325,10.83333,0.03088,0.61824,0.0,0.0,-0.00019,-0.00161,-0.00191,-0.00127,0.99997,0,0.0,0.03073,197,0.298
326,10.86667,0.04092,0.6414,0.0,0.0,-0.00012,-0.01518,-0.01683,-0.00364,0.99998,0,0.0,0.03238,197,0.29818
327,10.9,0.03243,0.60268,0.0,0.0,-3e-05,-0.00889,0.01341,-0.00175,0.99991,0,0.0,0.03339,197,0.29759
328,10.93333,0.02861,0.62456,0.0,0.0,-6e-05,-0.01022,-0.00209,-0.00246,1.00001,0,0.0,0.02938,197,0.2961
329,10.96667,0.02254,0.56268,0.0,0.0,-5e-05,-0.00637,0.00013,-0.00083,0.99999,0,0.0,0.02413,197,0.29545
330,11.0,0.02926,0.56118,0.0,0.0,-7e-05,-0.01006,-0.00272,-0.00171,0.99999,0,0.0,0.03118,197,0.29471
331,11.03333,0.02892,0.56498,0.0,0.0,-7e-05,-0.0036,-0.00067,-0.00197,0.99998,0,0.0,0.02854,197,0.29465
332,11.06667,0.02804,0.56749,0.0,0.0,8e-05,-0.0064,-0.00146,-0.0015,0.99998,0,0.0,0.02835,197,0.2945
333,11.1,0.03052,0.5427,0.0,0.0,3e-05,-0.01314,0.00897,-0.00181,0.99995,0,0.0,0.03041,197,0.29442
334,11.13333,0.03076,0.53893,0.0,0.0,5e-05,-0.00716,0.00626,-0.00157,0.99996,0,0.0,0.03092,197,0.2952
335,11.16667,0.02925,0.55414,0.0,0.0,-0.0,0.01056,-0.00746,0.00202,0.99998,0,0.0,0.0293,197,0.29546
336,11.2,0.03128,0.52823,0.0,0.0,0.0001,-0.01231,0.0134,-0.0015,0.99998,0,0.0,0.02928,197,0.29633
337,11.23333,0.02811,0.56306,0.0,0.0,-4e-05,-0.01425,-0.00283,-0.00115,1.00003,0,0.0,0.02744,197,0.29728
338,11.26667,0.03158,0.75505,0.0,0.0,-9e-05,-0.01534,0.01296,-0.0022,1.00003,0,0.0,0.0281,197,0.29608
339,11.3,0.0253,0.51317,0.0,0.0,-6e-05,-0.0025,-0.00053,0.00135,1.00002,0,0.0,0.02404,197,0.29558
340,11.33333,0.02894,0.48493,0.0,0.0,-7e-05,0.00425,0.01992,-0.00113,0.99996,0,0.0,0.02737,197,0.29558
341,11.36667,0.02764,0.4692,0.0,0.0,-0.00014,0.001,0.00934,-0.00151,0.99998,0,0.0,0.02596,197,0.29462
342,11.4,0.02976,0.53525,0.0,0.0,3e-05,-0.0115,0.00114,-0.00015,1.00005,0,0.0,0.02794,197,0.29498
343,11.43333,0.02539,0.66198,0.0,0.0,1e-05,-0.012,-0.00694,-0.00025,1.00006,0,0.0,0.02495,197,0.29532
344,11.46667,0.03822,0.49209,0.0,0.0,-6e-05,-0.00575,0.02457,0.00033,0.99998,0,0.0,0.03062,197,0.2954
345,11.5,0.03642,0.43905,0.0,0.0,1e-05,0.00284,0.01126,0.00229,1.0,0,0.0,0.02908,197,0.29474
346,11.53333,0.02613,0.4587,0.0,0.0,-6e-05,-0.00871,0.01259,-0.00242,0.99998,0,0.0,0.02541,197,0.29429
347,11.56667,0.03888,0.43213,0.0,0.0,-5e-05,-0.0021,0.02389,-0.00322,0.99998,0,0.0,0.03024,197,0.29415
348,11.6,0.02698,0.43999,0.0,0.0,9e-05,0.00421,0.00278,0.00123,1.0,0,0.0,0.02637,197,0.29462
349,11.63333,0.03732,0.41943,0.0,0.0,1e-05,0.00275,0.02366,0.00082,0.99996,0,0.0,0.03078,197,0.29461
350,11.66667,0.04034,0.39679,0.0,0.0,-2e-05,-0.01496,0.03094,-0.00337,1.00002,0,0.0,0.02849,197,0.29581
351,11.7,0.04308,0.405,0.0,0.0,-1e-05,0.00495,0.03658,-0.00018,0.99994,0,0.0,0.03099,197,0.2961
352,11.73333,0.03587,0.37901,0.0,0.0,5e-05,0.00181,0.01507,0.00196,1.0,0,0.0,0.02776,197,0.29542
353,11.76667,0.04355,0.48659,0.0,0.0,-3e-05,-0.02025,0.03367,-0.00393,0.99997,0,0.0,0.03519,197,0.29597
354,11.8,0.0319,0.39896,0.0,0.0,2e-05,-0.00282,0.01794,7e-05,0.99997,0,0.0,0.02858,197,0.29653
355,11.83333,0.0436,0.57229,0.0,0.0,3e-05,-0.01199,0.02945,-0.00253,0.99999,0,0.0,0.03187,197,0.29819
356,11.86667,0.03696,0.44132,0.0,0.0,-3e-05,0.00364,0.0212,0.00167,0.99998,0,0.0,0.02898,197,0.2983
357,11.9,0.05728,6.93223,0.00536,266.77802,-0.00116,0.00011,0.02773,0.00077,1.0,1,0.00579,0.04451,197,0.29731
358,11.93333,0.0798,5.82918,0.00956,254.6982,-0.00212,-0.01463,0.03313,-0.00234,0.99999,1,0.0105,0.06864,197,0.29754
359,11.96667,0.09682,4.95473,0.01305,250.37216,-0.00274,0.01339,0.03758,0.00253,0.99991,1,0.01408,0.08394,197,0.29977
360,12.0,0.10417,12.68011,0.01669,246.61655,-0.00235,-0.00899,0.0292,-0.00255,0.99995,1,0.01777,0.09939,197,0.29915
361,12.03333,0.13138,9.37942,0.02001,248.76867,-0.00315,0.00212,0.03797,-0.00131,0.99995,1,0.02131,0.1202,197,0.29685
362,12.06667,0.14161,7.53902,0.02342,245.93136,-0.00398,0.00909,0.02536,0.00255,0.99994,1,0.02462,0.13457,197,0.29473
363,12.1,0.16654,6.96655,0.02677,246.19765,-0.00421,-0.00048,0.04228,0.00014,0.99996,1,0.028,0.14817,197,0.29416
364,12.13333,0.16703,6.36759,0.02998,247.78258,-0.00424,-0.00323,0.03435,-0.00243,0.99995,1,0.03119,0.16022,197,0.29462
365,12.16667,0.1885,6.33422,0.03246,248.50086,-0.00257,0.00539,0.04689,0.0017,0.99996,1,0.0342,0.16562,197,0.29464
366,12.2,0.18923,6.52544,0.03426,248.63855,-0.00223,0.00852,0.04346,0.00166,0.99991,1,0.0368,0.1737,197,0.29366
367,12.23333,0.17943,5.77165,0.03575,248.65236,-0.00154,-0.00973,0.0363,-0.00311,0.99996,1,0.03777,0.171,197,0.29319
368,12.26667,0.18286,5.71884,0.03695,248.42352,-0.00131,-0.0048,0.04748,-0.00248,0.99994,1,0.03886,0.16909,197,0.29273
369,12.3,0.16893,5.8719,0.03814,248.61936,-0.00118,0.00315,0.0315,-0.00255,0.9999,1,0.04012,0.16663,197,0.29289
370,12.33333,0.17923,6.11216,0.04018,248.889,-0.00121,-0.0028,0.04032,-0.00311,0.99995,1,0.04201,0.17001,197,0.29169
371,12.36667,0.19705,6.03238,0.04417,249.3932,-0.00218,0.00137,0.0429,0.00021,0.99994,1,0.04805,0.18196,197,0.29018
372,12.4,0.21278,6.02942,0.048,250.22487,-0.00318,0.00523,0.03712,-0.00169,0.99996,1,0.05251,0.20023,197,0.28939
373,12.43333,0.227,5.88706,0.05092,250.42243,-0.0034,-0.00559,0.03563,0.00056,0.99999,1,0.05502,0.21294,197,0.28824
374,12.46667,0.23895,5.51415,0.05378,250.68243,-0.00234,0.00566,0.05401,-0.00106,0.99993,1,0.05729,0.21947,197,0.28799
375,12.5,0.24858,22.07658,0.05698,256.60485,-0.00257,-0.00182,0.03819,-0.00089,0.99995,1,0.05996,0.23776,197,0.28686
376,12.53333,0.25492,5.68291,0.05977,251.23251,-0.00399,-0.0055,0.0406,-0.00076,0.99995,1,0.06214,0.24361,197,0.28681
377,12.56667,0.25528,5.82029,0.06335,250.91016,-0.00451,-0.00544,0.03454,-0.00164,0.99993,1,0.06464,0.24807,197,0.28709
378,12.6,0.28177,5.29879,0.06555,250.46801,-0.00391,-0.0238,0.06398,-0.00445,0.99994,1,0.06683,0.25872,197,0.28578
379,12.63333,0.27288,5.34556,0.06731,251.30932,-0.00432,-0.00594,0.04364,-0.00157,0.99995,1,0.06852,0.26071,197,0.28554
380,12.66667,0.29017,5.14347,0.06836,251.12798,-0.00427,-0.00535,0.06145,-0.00063,0.99995,1,0.06989,0.2651,197,0.28446
381,12.7,0.27921,5.35669,0.06969,251.42976,-0.00431,-0.03104,0.03726,-0.00304,0.99996,1,0.07042,0.26546,197,0.28239
382,12.73333,0.29534,5.74656,0.07074,251.28077,-0.00446,-0.01952,0.05211,-0.00123,0.99996,1,0.07157,0.27586,197,0.28246
383,12.76667,0.29524,5.30829,0.0723,250.77926,-0.00452,-0.0098,0.053,-0.0012,0.99996,1,0.07317,0.27238,197,0.28156
384,12.8,0.28975,4.70338,0.07392,251.29423,-0.00427,-0.02883,0.04847,-0.00477,0.99995,1,0.07458,0.27493,197,0.279
385,12.83333,0.28978,4.9431,0.07542,251.14887,-0.00431,-0.02027,0.04199,-0.00181,0.99999,1,0.0759,0.27521,197,0.27753
386,12.86667,0.30701,4.41322,0.07717,251.14647,-0.00415,-0.02596,0.06626,-0.00391,0.99996,1,0.07776,0.27952,197,0.27868
387,12.9,0.29527,4.3164,0.07849,250.92296,-0.00395,-0.02979,0.04667,-0.00355,0.99994,1,0.07878,0.27838,197,0.27816
388,12.93333,0.29298,4.13713,0.07882,251.53897,-0.00154,-0.02658,0.0378,-0.00194,1.00004,1,0.07985,0.27274,197,0.27768
389,12.96667,0.29186,4.04844,0.07796,251.11338,-0.00038,-0.03163,0.05537,-0.00248,0.99995,1,0.08026,0.26578,197,0.27642
390,13.0,0.27313,3.93402,0.0775,251.80208,-0.00046,-0.01536,0.06462,-0.00405,0.99994,1,0.08056,0.2517,197,0.27796
391,13.03333,0.25807,3.83306,0.07723,251.80676,-0.00021,-0.0121,0.04488,-0.00176,0.99995,1,0.0802,0.24285,197,0.27804
392,13.06667,0.24513,3.65489,0.07484,251.89132,-8e-05,-0.01836,0.04242,-0.00316,0.99998,1,0.07781,0.23255,197,0.27999
393,13.1,0.24579,3.58074,0.07222,251.46453,-4e-05,-0.03221,0.04272,-0.00136,1.00007,1,0.07266,0.22094,197,0.28036
394,13.13333,0.23689,3.446,0.06993,252.00699,-0.00023,-0.00928,0.06641,-0.00349,0.99997,1,0.07054,0.20921,197,0.28007
395,13.16667,0.22688,3.29166,0.06742,251.63129,-0.00018,-0.01784,0.06558,-0.00465,0.99999,1,0.06763,0.19912,197,0.28031
396,13.2,0.21029,3.25388,0.06619,251.50944,-9e-05,-0.02577,0.06109,-0.00441,0.99995,1,0.06578,0.18928,197,0.28026
397,13.23333,0.20417,3.12821,0.06327,251.59697,-8e-05,-0.02022,0.06435,-0.0036,0.99994,1,0.06291,0.18096,197,0.28128
398,13.26667,0.18636,3.08045,0.06116,252.0625,9e-05,-0.02863,0.03779,-0.00449,1.00003,1,0.06116,0.17101,197,0.28206
399,13.3,0.19425,3.03628,0.05883,251.50288,7e-05,-0.04251,0.06817,-0.00798,0.99999,1,0.05887,0.16629,197,0.2828
400,13.33333,0.17876,2.8825,0.05713,252.12969,0.0,-0.01055,0.0585,-0.00369,0.99997,1,0.05693,0.15598,197,0.28455
401,13.36667,0.16686,2.84503,0.0556,251.2938,-4e-05,-0.02671,0.05301,-0.0052,0.99998,1,0.0552,0.14913,197,0.28652
402,13.4,0.15568,2.73532,0.05363,251.91753,0.0,-0.03172,0.04614,-0.00656,1.0,1,0.05309,0.14039,197,0.28685
403,13.43333,0.16703,2.70562,0.0517,251.07101,-0.00012,-0.02607,0.07468,-0.00587,0.99998,1,0.05124,0.13606,197,0.28845
404,13.46667,0.15503,2.56845,0.04971,251.33311,-0.00016,-0.03709,0.0526,-0.00511,1.00003,1,0.04927,0.13087,197,0.28758
405,13.5,0.15936,2.4859,0.04852,250.82659,-0.00026,-0.03378,0.07576,-0.00586,0.99996,1,0.04782,0.12857,197,0.28819
406,13.53333,0.16181,2.41072,0.04632,250.70996,-8e-05,-0.03799,0.07516,-0.00327,1.0,1,0.04598,0.12532,197,0.28758
407,13.56667,0.14856,2.25967,0.04499,251.1225,-0.00018,-0.024,0.05306,-0.00202,1.00005,1,0.04451,0.11827,197,0.28886
408,13.6,0.13974,2.25907,0.04321,251.02282,-0.00012,-0.05241,0.05165,-0.00636,1.00003,1,0.04276,0.11192,197,0.28828
409,13.63333,0.13725,2.18068,0.0424,251.46287,-0.00018,-0.00736,0.06888,-0.00272,0.99996,1,0.04172,0.1091,197,0.28932
410,13.66667,0.14076,2.08269,0.04077,250.54384,3e-05,-0.04494,0.06216,-0.0047,1.00005,1,0.04036,0.10626,197,0.28843
411,13.7,0.1385,2.0821,0.03982,251.49221,-0.00017,-0.03321,0.08174,-0.00785,0.99997,1,0.03941,0.10436,197,0.28871
412,13.73333,0.12867,2.01712,0.03917,251.56758,-0.00037,-0.03127,0.06706,-0.00714,0.99997,1,0.03812,0.10629,197,0.29089
413,13.76667,0.12487,1.92539,0.03785,251.67242,-0.00022,-0.0113,0.06975,-0.00305,0.99994,1,0.03694,0.09949,197,0.29117
414,13.8,0.12567,1.90749,0.03644,252.30752,-0.00013,-0.03456,0.06436,-0.00548,1.00003,1,0.03597,0.09547,197,0.29071
415,13.83333,0.1251,1.84918,0.0329,251.15315,-0.00042,-0.01127,0.08702,-0.00456,0.99991,1,0.03406,0.09308,197,0.29276
416,13.86667,0.13089,1.78453,0.03109,250.19501,-0.00023,-0.04093,0.07132,-0.00285,1.0,1,0.03315,0.09261,197,0.29316
417,13.9,0.12025,1.75153,0.03056,250.60397,-0.0004,-0.01715,0.08081,-0.00636,0.99997,1,0.03286,0.08904,197,0.29328
418,13.93333,0.12914,1.71274,0.02887,250.10277,-0.00028,-0.01468,0.08079,-0.00196,0.99999,1,0.02979,0.08806,197,0.29396
419,13.96667,0.11085,1.65424,0.02921,250.58729,-0.00029,-0.04055,0.06111,-0.00639,1.00002,1,0.03002,0.08256,197,0.29402
420,14.0,0.1292,1.68773,0.02795,249.75277,-0.00027,-0.02358,0.09465,-0.00638,0.99994,1,0.0281,0.08666,197,0.29402
421,14.03333,0.12336,1.55292,0.02628,250.75264,-0.0001,0.00383,0.07268,0.00111,0.99997,1,0.02647,0.0832,197,0.29396
422,14.06667,0.11049,1.59678,0.02642,250.8628,-0.00018,-0.02513,0.07059,-0.0058,1.0,1,0.02663,0.08115,197,0.29297
423,14.1,0.1223,1.52021,0.02532,251.4946,-0.00018,-0.02119,0.08166,-0.00411,1.00001,1,0.02548,0.0809,197,0.29427
424,14.13333,0.11494,1.50122,0.02423,250.08329,-0.00027,-0.006,0.07832,-0.00062,0.99995,1,0.02434,0.07808,197,0.29352
425,14.16667,0.10564,1.48553,0.02421,251.66709,-0.00028,-0.01783,0.07471,-0.00465,0.99998,1,0.02394,0.07278,197,0.29394
426,14.2,0.12119,1.45719,0.02234,250.38336,-0.00015,-0.00922,0.0919,-0.00451,0.99996,1,0.02272,0.07775,197,0.29467
427,14.23333,0.11977,1.38378,0.02123,250.65851,-0.00013,-0.03137,0.10065,-0.00786,0.99996,1,0.022,0.07654,197,0.29491
428,14.26667,0.09683,1.36986,0.02027,250.81899,-0.0002,-0.02597,0.06685,-0.00443,0.99998,1,0.02071,0.0683,197,0.29478
429,14.3,0.11162,1.36009,0.01762,250.75669,-0.00014,-0.01431,0.09743,-0.00655,0.99993,1,0.01953,0.07228,197,0.29565
430,14.33333,0.10961,1.26494,0.01489,251.06165,-0.00017,0.00406,0.08634,-0.00127,0.99997,1,0.01753,0.0697,197,0.29536
431,14.36667,0.10113,1.25728,0.01412,249.69015,-4e-05,-0.0026,0.0824,-0.00272,0.99996,1,0.0164,0.06459,197,0.29604
432,14.4,0.10129,1.20448,0.0123,250.55588,-0.0001,-0.01915,0.08214,-0.00558,0.99997,1,0.01449,0.06452,197,0.29638
433,14.43333,0.1078,1.16537,0.0104,251.45238,-0.00011,0.01677,0.07498,0.00132,0.99999,1,0.014,0.06407,197,0.29623
434,14.46667,0.10239,1.18331,0.01079,250.27867,-6e-05,-0.02364,0.09289,-0.00674,0.99993,1,0.0134,0.06533,197,0.29702
435,14.5,0.10463,1.13638,0.00795,251.83329,-0.00011,-0.00633,0.07955,-0.00268,0.99997,1,0.01114,0.06511,197,0.29854
436,14.53333,0.11328,1.08286,0.00338,246.37807,-0.00018,0.00377,0.10944,-0.00329,0.9999,1,0.00915,0.06359,197,0.29886
437,14.56667,0.09623,1.09078,0.00352,247.2798,-0.00022,-0.00608,0.08476,-0.00465,0.99996,1,0.00772,0.05814,197,0.29773
438,14.6,0.10148,1.06578,0.00184,244.33457,0.0,-0.01298,0.07953,-0.00101,1.0,1,0.0039,0.05904,197,0.29771
439,14.63333,0.08321,1.08626,0.00246,248.02905,-0.0002,-0.0015,0.06884,-0.00268,0.99994,1,0.00362,0.05455,197,0.29703
440,14.66667,0.09007,1.0688,0.00205,245.45622,-7e-05,-0.01434,0.0755,-0.00423,0.99997,1,0.00353,0.05685,197,0.29743
441,14.7,0.10488,1.16345,0.00015,232.86365,-0.00034,0.00485,0.09378,-0.0024,0.99992,0,0.0,0.0656,197,0.30054
442,14.73333,0.08606,1.18242,4e-05,197.93338,-7e-05,-0.01013,0.06579,-0.00305,0.99997,0,0.0,0.05429,197,0.30048
443,14.76667,0.0967,0.94911,0.0,0.0,-0.00025,0.02477,0.08107,0.00015,0.99993,0,0.0,0.05718,197,0.29969
444,14.8,0.08708,0.97332,0.0,0.0,-0.00011,-0.01199,0.08324,-0.00424,0.99994,0,0.0,0.05223,197,0.29978
445,14.83333,0.09046,0.943,0.0,0.0,-9e-05,-0.00554,0.06993,-0.00138,0.99999,0,0.0,0.05204,197,0.29775
446,14.86667,0.07946,0.94266,0.0,0.0,-0.00011,-0.00497,0.0696,-0.0032,0.99995,0,0.0,0.04972,197,0.2974
447,14.9,0.07915,0.93227,0.0,0.0,-0.00017,0.01002,0.07185,-0.00099,0.99991,0,0.0,0.04941,197,0.29786
448,14.93333,0.07563,0.9372,0.0,0.0,-0.00014,0.00422,0.06168,-0.00057,0.99995,0,0.0,0.04702,197,0.29853
449,14.96667,0.07982,0.95076,0.0,0.0,-6e-05,-0.00666,0.06672,-0.00249,0.99996,0,0.0,0.05083,197,0.29754
450,15.0,0.07556,0.88157,0.0,0.0,-0.00011,-0.00373,0.06041,-1e-05,0.99996,0,0.0,0.04501,197,0.29733
451,15.03333,0.09283,0.8754,0.0,0.0,-5e-05,-0.014,0.08454,-0.00322,0.99996,0,0.0,0.04983,197,0.29748
452,15.06667,0.08149,0.87984,0.0,0.0,-4e-05,-0.01454,0.06904,-0.00456,0.99998,0,0.0,0.04715,197,0.2971
453,15.1,0.07101,0.82778,0.0,0.0,-3e-05,0.00243,0.04971,-0.00039,0.99999,0,0.0,0.04375,197,0.29718
454,15.13333,0.07445,0.85054,0.0,0.0,-3e-05,0.01158,0.05181,0.00209,0.99997,0,0.0,0.04499,197,0.29549
455,15.16667,0.07816,0.98934,0.0,0.0,-0.00011,-0.00091,0.06677,-0.00523,0.99999,0,0.0,0.04774,197,0.29566
456,15.2,0.07315,0.85691,0.0,0.0,-0.00015,-0.00568,0.0551,-0.00213,1.00001,0,0.0,0.04586,197,0.29654
457,15.23333,0.07397,0.80578,0.0,0.0,-0.0003,0.01454,0.07348,-0.0005,0.9999,0,0.0,0.04615,197,0.29831
458,15.26667,0.0549,0.87683,0.0,0.0,-0.00026,0.00635,0.02883,0.00213,1.00001,0,0.0,0.04172,197,0.29842
459,15.3,0.06974,0.86918,0.0,0.0,-2e-05,0.00804,0.05236,-0.00076,0.99999,0,0.0,0.04303,197,0.29868
460,15.33333,0.06766,1.11575,2e-05,263.36558,-0.00026,-0.00814,0.05027,-0.00223,1.00003,0,0.0,0.04365,197,0.29917
461,15.36667,0.07292,0.8026,0.0,0.0,-0.00013,-5e-05,0.06194,-0.00169,0.99996,0,0.0,0.04323,197,0.30116
462,15.4,0.06758,0.75875,0.0,0.0,-8e-05,-0.00185,0.0655,-0.00354,0.99992,0,0.0,0.04495,197,0.30131
463,15.43333,0.05856,0.7733,0.0,0.0,-7e-05,-0.00511,0.02821,-0.00253,1.0001,0,0.0,0.04222,197,0.3024
464,15.46667,0.09067,5.53052,0.00703,250.74441,-0.00209,0.01642,0.05888,0.00203,0.99992,1,0.00751,0.0671,197,0.30152
465,15.5,0.11664,5.27289,0.00991,249.59882,-0.00246,-0.00036,0.07108,-0.00027,0.99997,1,0.01088,0.08287,197,0.30175
466,15.53333,0.11916,4.52372,0.01364,253.19948,-0.0033,-0.00272,0.05944,-0.00147,0.99997,1,0.01461,0.09438,197,0.30176
467,15.56667,0.1218,5.26404,0.01628,252.13899,-0.00324,0.00602,0.04369,0.00094,0.99998,1,0.01744,0.10209,197,0.30109
468,15.6,0.14894,6.34245,0.01953,248.2546,-0.0038,0.00126,0.06206,0.00052,0.99996,1,0.02092,0.12071,197,0.29758
469,15.63333,0.1541,5.72388,0.02292,248.82496,-0.00424,-0.00046,0.04723,-0.00115,0.99999,1,0.02427,0.13283,197,0.29577
470,15.66667,0.17968,5.73178,0.02643,249.26184,-0.00448,-0.01146,0.05247,-0.00251,1.00002,1,0.02777,0.15686,197,0.2951
471,15.7,0.18288,6.33516,0.02934,247.60304,-0.00447,0.00066,0.05186,0.00109,0.99994,1,0.03056,0.16075,197,0.29528
472,15.73333,0.18831,5.80794,0.03235,249.23938,-0.00267,0.00559,0.05363,-0.00022,0.99995,1,0.03391,0.16883,197,0.29535
473,15.76667,0.18889,5.22788,0.03374,249.32048,-0.00232,-0.00066,0.04347,-0.00015,1.0,1,0.03672,0.16675,197,0.29559
474,15.8,0.19275,5.73719,0.03518,249.36207,-0.00242,-0.01006,0.04069,-0.00075,1.00004,1,0.03712,0.17124,197,0.29587
475,15.83333,0.20115,5.04929,0.0364,249.66886,-0.00244,0.00216,0.05561,-0.00205,1.0,1,0.03838,0.17395,197,0.29548
476,15.86667,0.19949,4.81741,0.03906,250.73661,-0.00273,0.00038,0.05363,-0.00177,0.99998,1,0.04219,0.17619,197,0.29623
477,15.9,0.1998,9.43394,0.04333,249.97217,-0.00379,0.00535,0.02754,0.00208,1.0,1,0.04684,0.1896,197,0.29528
478,15.93333,0.22515,7.88645,0.04641,251.76907,-0.00418,-0.005,0.05245,-0.00302,0.99998,1,0.04898,0.20434,197,0.29367
479,15.96667,0.21685,6.3233,0.04924,251.57846,-0.0044,0.00931,0.01922,-0.00062,1.00001,1,0.05127,0.21075,197,0.29182
480,16.0,0.22992,5.59295,0.05144,251.23524,-0.004,0.00222,0.04469,-0.00033,0.99997,1,0.0531,0.21446,197,0.28975
481,16.03333,0.24201,5.50301,0.05369,250.84161,-0.00358,1e-05,0.05204,-0.00123,0.99999,1,0.05528,0.22159,197,0.28857
482,16.06667,0.24099,4.63781,0.0558,250.29113,-0.00355,0.00596,0.04597,0.00054,0.99995,1,0.05712,0.22145,197,0.28616
483,16.1,0.23733,4.46412,0.05777,249.93461,-0.0033,0.0116,0.04789,0.00107,0.99991,1,0.05906,0.223,197,0.28439
484,16.13333,0.24181,6.07981,0.06006,250.18415,-0.00404,0.00301,0.05609,-0.00134,0.99994,1,0.06086,0.22475,197,0.28513
485,16.16667,0.24628,4.82696,0.06174,250.58029,-0.00421,-0.00823,0.04781,-0.0034,0.99999,1,0.06256,0.2336,197,0.28497
486,16.2,0.25904,4.81961,0.06304,250.49019,-0.00398,0.00018,0.05266,-0.0003,0.99998,1,0.06423,0.24036,197,0.28448
487,16.23333,0.25047,5.94484,0.06415,250.60466,-0.0043,0.00219,0.03872,-0.00063,0.99998,1,0.06518,0.23861,197,0.28316
488,16.26667,0.25539,4.70674,0.06533,251.02625,-0.00401,0.00126,0.03133,0.00143,1.00001,1,0.06605,0.24195,197,0.28374
489,16.3,0.25742,4.45789,0.06654,251.26393,-0.00399,-0.00335,0.0337,0.001,1.00004,1,0.06729,0.24081,197,0.28347
490,16.33333,0.25779,4.48678,0.06783,251.34565,-0.00411,0.0007,0.04859,-0.00202,0.99996,1,0.06831,0.24059,197,0.28219
491,16.36667,0.25857,4.65455,0.06891,251.03312,-0.00396,-0.00141,0.03498,0.00138,1.00004,1,0.06951,0.24242,197,0.28027
492,16.4,0.2586,4.32157,0.07029,251.63647,-0.0038,0.00658,0.03635,0.00214,0.99999,1,0.07064,0.24231,197,0.27936
493,16.43333,0.25375,4.47188,0.07146,251.2746,-0.0037,-0.00401,0.03408,-0.00146,1.0,1,0.07202,0.24149,197,0.27978
494,16.46667,0.25622,4.80013,0.07242,251.32644,-0.00296,0.00303,0.03383,0.00141,1.00001,1,0.07283,0.24025,197,0.27874
495,16.5,0.2535,4.27748,0.07249,251.11673,-0.00206,-0.01175,0.02801,0.00101,1.00005,1,0.07383,0.2374,197,0.27913
496,16.53333,0.25323,3.98347,0.07218,252.09534,-0.00096,-0.00811,0.04029,-0.00046,1.00005,1,0.07405,0.23198,197,0.27996
497,16.56667,0.23256,3.81853,0.07219,252.21522,-0.00092,-0.00475,0.03528,-0.00188,1.00001,1,0.074,0.22039,197,0.27932
498,16.6,0.23726,3.72022,0.07141,252.06955,-0.00051,-0.00654,0.04477,-0.00103,1.00003,1,0.07285,0.2169,197,0.27902
499,16.63333,0.2282,3.4843,0.06933,251.9961,-0.0001,-0.01034,0.0372,-0.00051,1.00003,1,0.07155,0.21138,197,0.28052
500,16.66667,0.20905,3.28287,0.06689,252.55808,-0.0001,-0.00989,0.03279,-0.00132,1.00006,1,0.06725,0.19385,197,0.28123
501,16.7,0.19863,3.27464,0.06452,252.35263,-8e-05,0.00567,0.04214,-0.00089,0.99998,1,0.06482,0.18404,197,0.28223
502,16.73333,0.19293,3.18976,0.0623,252.10353,6e-05,-0.00138,0.03479,0.00019,1.00006,1,0.06215,0.17417,197,0.28286
503,16.76667,0.17384,3.3237,0.06031,251.68416,0.0001,0.00691,0.02161,0.0036,1.00002,1,0.06008,0.1645,197,0.28162
504,16.8,0.18023,3.40034,0.05855,252.45092,-3e-05,-0.01235,0.05555,-0.00429,1.0,1,0.0582,0.16002,197,0.28172
505,16.83333,0.15921,3.08851,0.05683,252.2792,-3e-05,-0.00608,0.01917,0.00078,1.00006,1,0.05621,0.14935,197,0.28144
506,16.86667,0.15634,3.13299,0.05515,251.65084,-0.00016,-0.00487,0.03716,-0.00226,0.99999,1,0.05448,0.1449,197,0.28242
507,16.9,0.14879,2.7866,0.05345,252.72794,-0.0,0.00348,0.02033,0.00085,1.00005,1,0.0526,0.13957,197,0.2833
508,16.93333,0.14813,2.66997,0.05169,253.01361,3e-05,-0.006,0.04813,-0.0023,0.99998,1,0.05084,0.13137,197,0.28412
509,16.96667,0.13737,2.62621,0.05038,253.18152,-7e-05,0.01168,0.03335,0.00304,0.99996,1,0.04926,0.12681,197,0.2848
510,17.0,0.12927,2.41466,0.04856,253.48508,-8e-05,-0.00012,0.02318,-0.00083,1.00005,1,0.04754,0.11945,197,0.28625
511,17.03333,0.14021,2.36293,0.0471,252.636,4e-05,-0.00307,0.04578,0.0007,1.00002,1,0.04623,0.1196,197,0.2869
512,17.06667,0.1221,2.28201,0.04578,253.37309,1e-05,0.00161,0.02595,-2e-05,1.00002,1,0.04471,0.11324,197,0.28598
513,17.1,0.12646,2.23399,0.04448,253.28472,7e-05,0.0056,0.04287,-0.00033,0.99999,1,0.04343,0.10841,197,0.28627
514,17.13333,0.10912,2.19323,0.04292,253.31845,6e-05,-0.01412,0.0197,-0.00222,1.00006,1,0.04166,0.10281,197,0.28713
515,17.16667,0.11886,2.23846,0.04145,252.44526,5e-05,-0.00101,0.03915,0.00063,1.0,1,0.0405,0.10238,197,0.28824
516,17.2,0.11548,2.25603,0.03996,251.57126,3e-05,-0.00425,0.0465,-0.00118,0.99999,1,0.03914,0.09906,197,0.2869
517,17.23333,0.11192,2.2014,0.03842,251.19256,9e-05,0.00577,0.02317,0.0044,1.00003,1,0.03806,0.09706,197,0.28776
518,17.26667,0.10732,2.19094,0.03759,251.42573,-6e-05,-0.0169,0.02245,-0.00053,1.00005,1,0.03725,0.09333,197,0.28749
519,17.3,0.09875,2.10223,0.03685,252.66992,-9e-05,-0.00883,0.03656,-0.00517,0.99999,1,0.03614,0.09012,197,0.28694
520,17.33333,0.09875,2.23051,0.03412,252.28225,-2e-05,0.00619,0.03422,0.00204,0.99998,1,0.03439,0.08626,197,0.28786
521,17.36667,0.096,2.2253,0.03232,249.99486,-4e-05,-0.01607,0.03945,-0.00367,0.99998,1,0.0329,0.08562,197,0.28753
522,17.4,0.10384,1.8501,0.03064,251.91776,-2e-05,0.0011,0.03907,0.00063,1.0,1,0.03166,0.08454,197,0.28852
523,17.43333,0.10126,1.87474,0.0294,250.48981,3e-05,-0.00651,0.04031,-0.00078,1.0,1,0.02984,0.08312,196,0.28998
524,17.46667,0.09713,1.70257,0.02839,252.22292,-4e-05,-0.00623,0.02915,0.0009,1.00005,1,0.02904,0.07927,196,0.2914
525,17.5,0.09277,1.81897,0.02748,251.17292,-7e-05,-0.00818,0.03387,-0.00073,1.00002,1,0.02791,0.0772,196,0.29171
526,17.53333,0.08449,1.61806,0.02749,251.30002,-9e-05,-0.01274,0.03337,-0.00151,0.99997,1,0.02685,0.07485,196,0.29305
527,17.56667,0.0853,1.68119,0.02589,251.41415,-0.00015,0.00962,0.02895,0.00252,0.99999,1,0.02555,0.07315,196,0.29222
528,17.6,0.09515,1.57031,0.02462,252.06266,-8e-05,-0.01981,0.04334,-0.00233,0.99998,1,0.0243,0.07991,196,0.2941
529,17.63333,0.08141,1.53132,0.02461,253.09558,-8e-05,-0.01039,0.03101,-0.00098,1.00001,1,0.02415,0.07003,196,0.29348
530,17.66667,0.07381,1.48736,0.02345,252.86288,-0.00015,0.00347,0.02735,-0.00018,0.99998,1,0.02265,0.06686,196,0.29414
531,17.7,0.08693,1.51156,0.022,252.43193,-7e-05,-8e-05,0.05408,-0.00063,0.99996,1,0.02165,0.0665,196,0.29458
532,17.73333,0.07321,1.42962,0.02138,254.17767,-5e-05,-0.01417,0.02645,-0.00215,1.0,1,0.02045,0.06402,196,0.29448
533,17.76667,0.0749,1.44825,0.02125,253.11452,-8e-05,-0.018,0.03325,-0.00242,0.99998,1,0.02046,0.06418,196,0.2949
534,17.8,0.06987,1.34134,0.01939,252.46399,-0.00011,-0.00224,0.02683,0.00124,0.99997,1,0.01847,0.06036,196,0.29481
535,17.83333,0.08198,1.3558,0.01871,253.35272,-0.00014,-0.00581,0.04553,-0.00202,0.99997,1,0.01814,0.06528,196,0.29439
536,17.86667,0.07236,1.27973,0.01694,253.10543,-0.00013,0.00278,0.03484,0.00096,0.99997,1,0.01692,0.05948,196,0.29452
537,17.9,0.05743,1.25994,0.01671,252.78643,3e-05,-0.00567,0.00646,-0.00043,1.00003,1,0.01595,0.05466,196,0.29356
538,17.93333,0.07228,1.24625,0.01515,252.18873,-0.0001,-0.00333,0.04022,-0.00084,0.99994,1,0.01507,0.0596,196,0.2943
539,17.96667,0.06363,1.23273,0.01339,251.54678,-1e-05,-0.00621,0.02497,-0.00223,0.99998,1,0.01286,0.05777,196,0.29484
540,18.0,0.07403,3.22897,0.01863,252.84971,-0.00113,0.01012,0.01829,0.00383,0.99997,2,0.01811,0.0687,196,0.29391
541,18.03333,0.09771,4.04852,0.02094,254.75273,-0.0022,-0.02299,0.01664,-0.00108,1.00003,2,0.02172,0.08786,196,0.29437
542,18.06667,0.10024,3.86693,0.02012,255.85472,-0.00252,-0.00433,0.00987,0.00074,1.00005,2,0.0218,0.09608,196,0.29391
543,18.1,0.1066,3.96345,0.02286,256.0393,-0.00279,-0.01277,-7e-05,0.00043,1.00008,2,0.02434,0.10364,196,0.29326
544,18.13333,0.11,4.09073,0.0227,257.02202,-0.00299,-0.00325,0.00192,-0.00158,1.00002,2,0.02298,0.11042,196,0.29233
545,18.16667,0.12436,4.51765,0.02478,256.79427,-0.00338,0.0006,0.0157,0.00024,0.99998,2,0.02539,0.12313,196,0.29297
546,18.2,0.13212,4.31606,0.02831,257.51167,-0.0036,-0.01343,0.00275,-0.00093,1.00005,2,0.02937,0.13377,196,0.2919
547,18.23333,0.14123,4.15882,0.02967,256.31374,-0.00338,-0.00551,0.01131,0.00047,1.00002,1,0.02767,0.14057,196,0.2906
548,18.26667,0.15146,3.9983,0.03081,256.26484,-0.00319,-0.00049,0.0029,0.00251,1.00008,1,0.03031,0.1474,196,0.289
549,18.3,0.14696,4.05702,0.03246,255.74581,-0.003,-0.00325,0.00286,0.00119,1.00002,1,0.03282,0.14721,196,0.28667
550,18.33333,0.15625,4.07722,0.03442,255.25833,-0.00312,6e-05,0.01208,0.00161,0.99997,1,0.0351,0.15467,196,0.28645
551,18.36667,0.15636,3.99501,0.0366,255.64095,-0.00294,0.00319,-0.00599,0.0022,1.00003,1,0.03737,0.1562,196,0.28657
552,18.4,0.16283,3.91434,0.03938,255.16155,-0.00298,0.00416,0.00397,0.00254,0.99998,1,0.03967,0.16147,196,0.28686
553,18.43333,0.17025,3.7437,0.041,255.29001,-0.00293,-0.01805,0.00872,-0.00174,1.00006,1,0.04171,0.16746,196,0.28579
554,18.46667,0.16474,4.69126,0.04279,254.8325,-0.00283,-0.00288,-0.00152,-0.00086,1.0,1,0.04363,0.16434,196,0.28528
555,18.5,0.17288,4.55017,0.0449,254.10832,-0.00295,-0.00629,-0.01578,0.00075,1.00012,1,0.04557,0.17531,196,0.28362
556,18.53333,0.17347,4.67587,0.04681,253.50963,-0.00272,-0.01024,-0.003,-0.0015,1.00006,1,0.04723,0.17538,196,0.2831
557,18.56667,0.18896,4.48901,0.04844,252.73363,-0.00274,-0.01989,0.00588,-0.00159,1.00004,1,0.0489,0.18474,196,0.2814
558,18.6,0.18242,4.46561,0.05025,252.37323,-0.003,-0.01485,0.00376,-0.00119,1.00002,1,0.05048,0.18018,196,0.28277
559,18.63333,0.18988,4.92729,0.05224,251.98366,-0.00322,-0.02771,-0.0069,-0.00179,1.00006,1,0.05249,0.185,196,0.28193
560,18.66667,0.18589,4.59957,0.05406,251.67415,-0.0035,-0.00868,-0.00234,-3e-05,1.00005,1,0.0543,0.18628,196,0.28127
561,18.7,0.19876,4.58085,0.05557,252.85261,-0.00339,-0.01597,0.0233,-0.00284,1.00004,1,0.05607,0.19663,196,0.28076
562,18.73333,0.1932,4.52147,0.05673,251.9435,-0.00268,-0.02307,0.00191,-0.00365,1.00007,1,0.05739,0.19294,196,0.27946
563,18.76667,0.19579,5.01661,0.05778,250.99934,-0.00276,-0.01412,0.00757,-0.00231,1.00006,1,0.05896,0.19808,196,0.27806
564,18.8,0.20098,4.77638,0.059,251.54699,-0.00352,-0.01921,-0.00456,-0.00161,1.00007,1,0.05989,0.20057,196,0.27837
565,18.83333,0.20261,4.14586,0.0597,251.94724,-0.00346,-0.02018,0.02865,-0.00483,0.99999,1,0.05968,0.19934,196,0.27831
566,18.86667,0.19335,3.94551,0.06093,252.29803,-0.00337,0.00625,-0.01352,0.00061,1.00007,1,0.06128,0.19883,196,0.27713
567,18.9,0.19521,3.97536,0.06231,252.50705,-0.00333,-0.00375,-0.00469,-0.00141,1.00004,1,0.06252,0.19823,196,0.27695
568,18.93333,0.196,3.7649,0.06307,252.1878,-0.00312,-0.0159,0.00057,-0.00433,1.00007,1,0.06336,0.19996,196,0.27788
569,18.96667,0.19565,3.67613,0.06413,252.03826,-0.00267,-0.00311,-0.0078,-0.00053,1.00007,1,0.06449,0.19992,196,0.2778
570,19.0,0.19763,3.5461,0.06465,252.03794,-0.00193,-0.01755,0.00393,-0.00461,1.00005,1,0.06515,0.19995,196,0.27795
571,19.03333,0.18961,3.45241,0.06523,252.99113,-0.00168,0.0046,-0.00256,-0.00084,1.00005,1,0.06603,0.19505,196,0.27789
572,19.06667,0.19477,3.32592,0.06501,252.75871,-0.0014,0.01121,-0.00696,0.00391,1.00008,1,0.06622,0.19837,196,0.27703
573,19.1,0.18986,3.43758,0.06544,252.40964,-0.00096,-0.00198,0.00329,-0.00126,1.00001,1,0.06656,0.19105,196,0.27747
574,19.13333,0.18638,3.19712,0.06563,252.47794,-0.00097,-0.00203,-0.00861,-0.00162,1.00006,1,0.06669,0.19202,196,0.27863
575,19.16667,0.18473,3.04323,0.06416,253.17876,4e-05,-0.02471,-0.01084,-0.00341,1.0001,1,0.06508,0.18844,196,0.28064
576,19.2,0.16778,3.02702,0.06219,252.75784,0.00015,-0.00101,-0.01536,0.00103,1.00011,1,0.06295,0.1737,196,0.2817
577,19.23333,0.16179,2.9116,0.06042,253.95151,4e-05,-0.0186,0.00106,-0.00538,1.00008,1,0.06001,0.16741,196,0.28123
578,19.26667,0.15689,2.7878,0.05828,253.8432,5e-05,-0.00648,0.00956,-0.00338,1.00007,1,0.05779,0.15946,196,0.2818
579,19.3,0.14449,2.82669,0.0561,253.76772,0.00012,-0.02079,0.00698,-0.00514,1.00008,1,0.05554,0.1496,196,0.28176
580,19.33333,0.14077,2.65821,0.05472,253.91135,-5e-05,0.00095,0.01014,-0.00243,1.00003,1,0.054,0.14525,196,0.28169
581,19.36667,0.13452,2.58503,0.05329,254.41834,5e-05,-0.00332,0.01325,-0.00368,1.00004,1,0.05279,0.14032,196,0.28215
582,19.4,0.12925,2.55055,0.05177,253.59185,8e-05,-0.02166,0.00518,-0.00473,1.00007,1,0.05089,0.13244,196,0.2826
583,19.43333,0.13274,2.53542,0.05039,252.98909,4e-05,-0.00608,0.01954,-0.00165,1.00002,1,0.04956,0.13168,196,0.2835
584,19.46667,0.12297,2.41356,0.0491,253.63635,6e-05,-0.01416,0.01103,-0.00439,1.00006,1,0.04825,0.12737,196,0.28314
585,19.5,0.11619,2.37093,0.04801,253.76816,-3e-05,-0.01936,0.02327,-0.007,1.00004,1,0.04665,0.12157,196,0.2835
586,19.53333,0.12883,2.28783,0.04643,252.94296,3e-05,-0.00731,0.03118,-0.00306,1.00003,1,0.04536,0.12435,196,0.28419
587,19.56667,0.1058,2.19662,0.04474,253.64653,0.00013,-0.00465,0.0151,-0.0047,1.0,1,0.04376,0.10917,196,0.28412
588,19.6,0.10504,2.122,0.04348,253.11848,-0.00018,-0.01351,0.01779,-0.0065,1.00003,1,0.04266,0.10761,196,0.28444
589,19.63333,0.09916,2.06667,0.0427,253.63396,-0.00021,0.00433,0.0203,-0.00378,0.99998,1,0.04117,0.10476,196,0.28421
590,19.66667,0.10257,2.02193,0.04152,252.99127,0.0001,-0.01116,0.01068,-0.00382,1.00006,1,0.04009,0.10283,196,0.28594
591,19.7,0.10738,1.95277,0.0408,251.8218,1e-05,-0.01761,0.03661,-0.00416,0.99998,1,0.03911,0.10177,196,0.28676
592,19.73333,0.09635,1.95436,0.03972,253.99334,8e-05,-0.01814,0.02004,-0.00561,1.00006,1,0.03814,0.09345,196,0.28645
593,19.76667,0.0914,1.94814,0.0383,253.53826,2e-05,-0.00606,0.00863,-0.0018,1.00004,1,0.03671,0.09171,196,0.28773
594,19.8,0.0888,1.77117,0.03474,252.9787,2e-05,-0.01136,0.0144,-0.0029,1.00003,1,0.03537,0.08612,196,0.28742
595,19.83333,0.09092,1.78446,0.03241,253.52767,-5e-05,-0.00871,0.03085,-0.00352,1.0,1,0.03415,0.09243,196,0.28636
596,19.86667,0.08634,1.69983,0.02964,253.37958,7e-05,-0.01157,0.02524,-0.00593,1.0,1,0.02921,0.08612,196,0.28648
597,19.9,0.08666,1.75873,0.02696,254.59553,0.0001,-0.01923,0.02283,-0.00619,1.00005,1,0.02772,0.08602,196,0.28737
598,19.93333,0.07953,1.69458,0.02677,252.78963,3e-05,-0.01688,0.01575,-0.0055,1.0,1,0.02564,0.08044,196,0.28791
599,19.96667,0.08732,1.64116,0.02393,255.01813,6e-05,-0.01416,0.04053,-0.0075,1.0,1,0.0236,0.08136,196,0.28886
600,20.0,0.0942,1.54344,0.02156,251.6907,2e-05,-0.01696,0.03871,-0.00241,1.00001,1,0.02169,0.08045,196,0.28857
601,20.03333,0.08788,1.64072,0.02185,253.53847,0.00011,-0.0324,0.0403,-0.00954,1.00004,1,0.02163,0.07901,196,0.28949
602,20.06667,0.07881,1.54464,0.01992,253.65134,0.00013,-0.00209,0.01874,-0.00102,1.00005,1,0.01998,0.07492,196,0.28997
603,20.1,0.08409,1.46503,0.01994,252.93117,3e-05,-0.02458,0.04609,-0.00909,1.0,1,0.01977,0.07404,196,0.28981
604,20.13333,0.08014,1.48511,0.01924,253.39174,0.0001,-0.02119,0.02812,-0.00486,1.00004,1,0.01911,0.07027,196,0.2889
605,20.16667,0.0764,1.44677,0.01912,252.38999,9e-05,-0.01818,0.03677,-0.00578,0.99997,1,0.01844,0.07455,196,0.28982
606,20.2,0.07884,1.41922,0.01824,252.84798,3e-05,-0.03863,0.04537,-0.00986,1.00002,1,0.01818,0.07182,196,0.29083
607,20.23333,0.08068,1.37999,0.01787,251.85741,9e-05,-0.01483,0.02613,-0.00136,1.00006,1,0.01786,0.07017,196,0.29184
608,20.26667,0.07345,1.37164,0.01754,252.80634,0.00012,-0.03536,0.03341,-0.00897,1.00006,1,0.01721,0.0671,196,0.29166
609,20.3,0.0756,1.25371,0.01546,253.63714,1e-05,-0.0148,0.04022,-0.00616,1.00003,1,0.01554,0.06527,196,0.2921
610,20.33333,0.07721,1.30202,0.0155,253.081,8e-05,-0.01604,0.04427,-0.00482,1.0,1,0.01558,0.06501,196,0.29282
611,20.36667,0.0699,1.28312,0.01411,253.42292,5e-05,-0.02355,0.04815,-0.00823,1.0,1,0.01441,0.06489,196,0.29156
612,20.4,0.08183,1.23616,0.0094,252.56832,2e-05,-0.01641,0.05271,-0.00521,1.00002,1,0.01146,0.06153,196,0.29145
613,20.43333,0.07234,1.22565,0.00864,254.59929,2e-05,-0.01174,0.04427,-0.00298,1.0,1,0.01045,0.05929,196,0.29161
614,20.46667,0.07099,1.16653,0.00464,249.43914,0.0001,-0.02231,0.04697,-0.00615,1.00002,1,0.00778,0.05838,196,0.29128
615,20.5,0.07826,1.2186,0.00441,252.21044,3e-05,-0.02624,0.05922,-0.00678,0.99995,1,0.0053,0.06098,196,0.29162
616,20.53333,0.06218,1.23886,0.00369,249.05811,0.00011,-0.01713,0.02859,-0.0035,1.00001,1,0.00432,0.05421,196,0.29175
617,20.56667,0.07101,1.16064,0.00114,246.85272,0.0001,-0.02335,0.04752,-0.00408,0.99999,0,0.0,0.05438,196,0.29133
618,20.6,0.07688,1.11267,0.00035,244.5981,0.00017,-0.03612,0.05736,-0.00884,0.99999,0,0.0,0.057,196,0.29141
619,20.63333,0.05482,1.01064,0.00016,245.999,0.00018,-0.02433,0.02425,-0.00566,1.00002,0,0.0,0.04855,196,0.29204
620,20.66667,0.06855,1.01206,9e-05,244.89105,0.00011,-0.02178,0.04658,-0.00714,1.00003,0,0.0,0.05208,196,0.29291
621,20.7,0.0737,0.97891,0.0,0.0,8e-05,-0.007,0.04781,-0.002,1.00002,0,0.0,0.05046,196,0.29339
622,20.73333,0.06779,1.00573,7e-05,247.0114,-3e-05,-0.01437,0.05972,-0.00489,0.99994,0,0.0,0.05365,196,0.29453
623,20.76667,0.07028,0.96334,0.0,0.0,-0.00011,-0.01019,0.05309,-0.00587,0.99998,0,0.0,0.05292,196,0.2978
624,20.8,0.06877,0.90251,0.0,0.0,-2e-05,-0.00437,0.04982,-0.002,0.99995,0,0.0,0.05113,196,0.29839
625,20.83333,0.07202,0.86124,0.0,0.0,-4e-05,-0.02751,0.05353,-0.0043,1.00001,0,0.0,0.05051,196,0.29863
626,20.86667,0.07841,0.87677,0.0,0.0,-7e-05,-0.02647,0.06028,-0.00307,1.00003,0,0.0,0.04801,196,0.29789
627,20.9,0.07578,0.87274,0.0,0.0,-9e-05,-0.03752,0.06523,-0.00782,1.0,0,0.0,0.04904,196,0.29648
628,20.93333,0.07374,0.81694,0.0,0.0,-3e-05,-0.02883,0.04931,-0.00453,1.00004,0,0.0,0.04799,196,0.29648
629,20.96667,0.0697,0.83212,0.0,0.0,-0.00017,-0.03405,0.05974,-0.00594,0.99999,0,0.0,0.04786,196,0.29727
630,21.0,0.06768,0.84048,0.0,0.0,-0.00027,-0.00844,0.0716,-0.00466,0.99992,0,0.0,0.04741,196,0.29835
631,21.03333,0.05938,0.80123,0.0,0.0,-4e-05,-0.03694,0.04481,-0.00674,1.00002,0,0.0,0.04579,196,0.29696
632,21.06667,0.06888,0.86988,0.0,0.0,-0.00031,-0.01172,0.07544,-0.00739,0.99989,0,0.0,0.04762,196,0.2978
633,21.1,0.06333,0.77335,0.0,0.0,-0.00014,-0.02433,0.05253,-0.00457,0.99998,0,0.0,0.04559,196,0.29741
634,21.13333,0.07467,0.69888,0.0,0.0,-9e-05,-0.02073,0.06217,-0.00417,0.99999,0,0.0,0.04517,196,0.29751
635,21.16667,0.07315,0.71578,0.0,0.0,-9e-05,-0.01215,0.075,-0.00462,0.99994,0,0.0,0.04493,196,0.2969
636,21.2,0.06641,0.67177,0.0,0.0,-0.00013,-0.0162,0.05602,-0.00354,1.0,0,0.0,0.04379,196,0.29643
637,21.23333,0.07314,0.69941,0.0,0.0,-9e-05,-0.02172,0.05788,-0.00439,1.00002,0,0.0,0.04464,196,0.29643
638,21.26667,0.07013,0.82906,0.0,0.0,-0.00022,-0.01348,0.06816,-0.00515,0.99996,0,0.0,0.04332,196,0.29731
639,21.3,0.07133,0.70403,0.0,0.0,-0.00012,-0.00835,0.07497,-0.00413,0.99992,0,0.0,0.04368,196,0.29806
640,21.33333,0.06846,0.71672,0.0,0.0,-0.00011,-0.01866,0.06517,-0.00599,0.99993,0,0.0,0.04998,196,0.30144
641,21.36667,0.06519,0.66271,0.0,0.0,-0.00024,0.0146,0.06081,-0.00182,0.99993,0,0.0,0.04346,196,0.3022
642,21.4,0.06469,0.94423,0.0,0.0,-0.00019,-0.0018,0.0615,-0.00313,0.99994,0,0.0,0.0453,196,0.3025
643,21.43333,0.07715,0.6656,0.0,0.0,-0.00014,-0.01648,0.07915,-0.00506,0.99991,0,0.0,0.0489,196,0.30212
644,21.46667,0.07145,0.65486,0.0,0.0,-0.00019,0.00012,0.05585,-0.00186,0.99999,0,0.0,0.04837,196,0.30212
645,21.5,0.06272,0.84723,0.0,0.0,-0.00022,0.00143,0.06754,-0.00258,0.99992,0,0.0,0.03916,196,0.30213
646,21.53333,0.06193,0.77202,0.0,0.0,-0.00016,-0.00592,0.0598,-0.00226,0.99996,0,0.0,0.03838,196,0.30143
647,21.56667,0.07062,0.93335,0.0,0.0,-0.00026,-0.00434,0.06113,-0.00121,0.99999,0,0.0,0.04115,196,0.30142
648,21.6,0.06194,0.60912,0.0,0.0,-0.00012,-0.0042,0.05348,-0.00155,0.99999,0,0.0,0.03714,196,0.30074
649,21.63333,0.04919,0.617,0.0,0.0,-0.00014,-0.01764,0.03273,-0.00397,1.00002,0,0.0,0.03835,196,0.29996
650,21.66667,0.05736,1.2416,6e-05,264.65034,-0.00033,-0.00401,0.05398,-0.00266,0.99997,0,0.0,0.03522,196,0.29838
651,21.7,0.05208,0.56016,0.0,0.0,-5e-05,0.00271,0.03742,0.00026,0.99999,0,0.0,0.03652,196,0.29806
652,21.73333,0.04795,1.05738,1e-05,262.63989,-0.00032,-0.01398,0.04644,-0.00511,0.99997,0,0.0,0.03712,196,0.29756
653,21.76667,0.05593,0.90522,0.0,0.0,-0.00017,-0.00048,0.05448,-0.00169,0.99996,0,0.0,0.03711,196,0.29682
654,21.8,0.04612,1.43479,0.00015,264.44332,-0.00038,0.00748,0.0215,-0.001,1.00002,0,0.0,0.03493,196,0.29593
655,21.83333,0.03746,0.9401,0.0,0.0,-0.00018,0.00858,0.03155,-0.00216,0.99995,0,0.0,0.03184,196,0.29552
656,21.86667,0.04726,0.56157,0.0,0.0,-2e-05,-0.00673,0.03596,-0.00129,1.00001,0,0.0,0.03288,196,0.29566
657,21.9,0.05048,0.57742,0.0,0.0,-0.00011,-0.00398,0.04126,-0.00212,0.99997,0,0.0,0.03465,196,0.29551
658,21.93333,0.05084,0.65527,0.0,0.0,-0.00028,0.00696,0.02887,0.00061,1.0,0,0.0,0.03647,196,0.29734
659,21.96667,0.03935,0.63393,0.0,0.0,-6e-05,-0.00309,0.01724,-0.00352,1.00005,0,0.0,0.03339,196,0.29717
660,22.0,0.03756,0.90872,0.0,0.0,-3e-05,0.01247,0.02256,6e-05,0.99996,0,0.0,0.03453,196,0.29783
661,22.03333,0.04537,0.69928,0.0,0.0,-0.00025,0.0225,0.02894,0.00064,0.99997,0,0.0,0.03343,196,0.29805
662,22.06667,0.04487,0.6601,0.0,0.0,-0.00014,0.01704,0.00757,-0.00052,1.00007,0,0.0,0.03354,196,0.29811
663,22.1,0.03529,0.49794,0.0,0.0,-0.00017,0.0193,0.02926,-0.002,0.99992,0,0.0,0.03069,196,0.29825
664,22.13333,0.03712,0.6576,0.0,0.0,-0.00014,0.00472,0.01071,-0.0004,1.00005,0,0.0,0.02967,196,0.29827
665,22.16667,0.03562,0.52277,0.0,0.0,-0.00015,0.00844,0.00445,-0.00108,1.00003,0,0.0,0.03015,196,0.29917
666,22.2,0.03403,0.43399,0.0,0.0,-0.00012,0.01007,0.0172,0.0023,0.99998,0,0.0,0.02915,196,0.30008
667,22.23333,0.03205,0.56533,0.0,0.0,-0.00017,0.01008,0.00708,0.00099,1.00004,0,0.0,0.02796,196,0.29944
668,22.26667,0.02911,0.46505,0.0,0.0,-0.00011,0.00112,0.00018,-0.00277,0.99999,0,0.0,0.02607,196,0.29888
669,22.3,0.03033,0.48776,0.0,0.0,-6e-05,0.00618,-0.00957,-0.00031,1.00005,0,0.0,0.02989,196,0.29757
670,22.33333,0.04796,0.90894,0.0,0.0,0.00031,-0.01071,-0.05919,0.00032,1.00032,0,0.0,0.03634,196,0.29702
671,22.36667,0.03273,1.10432,1e-05,263.75366,-0.00018,0.00604,-0.00184,-0.00113,1.00004,0,0.0,0.0276,196,0.29725
672,22.4,0.03066,0.8508,0.0,0.0,-1e-05,0.00553,0.00031,-0.00146,1.00003,0,0.0,0.02715,196,0.29808
673,22.43333,0.05068,0.6238,0.0,0.0,-0.00021,0.03599,-0.00726,0.00279,1.0,0,0.0,0.04088,196,0.30112
674,22.46667,0.0401,0.55741,0.0,0.0,2e-05,0.01744,-0.01276,-0.00052,1.00007,0,0.0,0.03158,196,0.30143
675,22.5,0.03451,0.70073,0.0,0.0,-0.0002,0.01585,0.02015,-0.00346,0.99993,0,0.0,0.0274,196,0.30115
676,22.53333,0.03191,0.69762,0.0,0.0,-5e-05,0.01633,0.0063,0.00021,0.99995,0,0.0,0.02965,196,0.30009
677,22.56667,0.02608,0.68235,0.0,0.0,-0.00013,0.01925,-0.0077,0.00299,0.99999,0,0.0,0.0247,196,0.2998
678,22.6,0.0324,0.75688,0.0,0.0,-5e-05,0.01883,0.00085,-0.00049,1.00001,0,0.0,0.02506,196,0.29871
679,22.63333,0.02903,0.7718,0.0,0.0,-0.00011,0.01244,-0.002,0.00041,1.00001,0,0.0,0.02584,196,0.29779
680,22.66667,0.0293,0.91608,0.0,0.0,7e-05,0.01561,-0.01298,0.00325,1.00001,0,0.0,0.02831,196,0.29901
681,22.7,0.03382,0.38659,0.0,0.0,-1e-05,0.01497,-0.01937,0.00051,1.00004,0,0.0,0.0288,196,0.29952
682,22.73333,0.03562,0.76634,0.0,0.0,-0.00012,0.02853,0.00674,-0.00086,0.99995,0,0.0,0.03027,196,0.29915
683,22.76667,0.02589,1.03437,1e-05,263.64642,-0.0002,0.00579,-0.00737,0.00027,1.00001,0,0.0,0.0241,196,0.29869
684,22.8,0.03985,0.88108,0.0,0.0,-4e-05,0.02692,-0.0298,0.00254,1.00005,0,0.0,0.02958,196,0.29876
685,22.83333,0.03669,0.51418,0.0,0.0,-0.00019,0.02116,0.00044,-0.00038,0.99992,0,0.0,0.02638,196,0.29799
686,22.86667,0.04215,0.70924,0.0,0.0,1e-05,0.03087,-0.03337,0.00379,1.00003,0,0.0,0.02893,196,0.29787
687,22.9,0.0307,0.6312,0.0,0.0,-0.00012,0.01431,-0.01302,0.00071,1.00002,0,0.0,0.02619,196,0.29652
688,22.93333,0.03619,0.58357,0.0,0.0,-6e-05,0.02266,-0.0132,0.00129,1.00002,0,0.0,0.02827,196,0.29718
689,22.96667,0.03804,0.44134,0.0,0.0,0.0,0.02923,-0.00656,0.00107,0.99996,0,0.0,0.02975,196,0.2973
690,23.0,0.03506,0.58367,0.0,0.0,-7e-05,0.02608,-0.0185,0.0028,1.00001,0,0.0,0.02735,196,0.29647
691,23.03333,0.0332,0.78217,0.0,0.0,-0.00014,0.0308,-0.00996,0.00282,0.99998,0,0.0,0.02746,196,0.29661
692,23.06667,0.03919,0.81174,0.0,0.0,0.0,0.02412,-0.02844,0.00285,1.00003,0,0.0,0.03112,196,0.29616
693,23.1,0.04068,0.95476,0.0,0.0,-0.00019,0.03336,-0.00316,0.00057,0.99993,0,0.0,0.02927,196,0.29651
694,23.13333,0.03341,0.55349,0.0,0.0,-0.0001,0.00897,-0.02624,0.0024,1.00004,0,0.0,0.02832,196,0.29498
695,23.16667,0.04344,0.84225,0.0,0.0,-3e-05,0.01756,-0.02337,-0.00071,1.00003,0,0.0,0.03192,196,0.29463
696,23.2,0.04155,0.5796,0.0,0.0,-9e-05,0.01952,-0.02997,0.00257,1.00001,0,0.0,0.02924,196,0.29576
697,23.23333,0.04261,0.52949,0.0,0.0,-0.00011,0.0429,-0.02155,0.00576,0.99997,0,0.0,0.03265,196,0.29459
698,23.26667,0.02356,0.80671,0.0,0.0,-9e-05,0.01417,-0.01165,0.00298,1.00002,0,0.0,0.02304,196,0.29449
699,23.3,0.036,0.68629,0.0,0.0,6e-05,0.02644,-0.01792,0.00258,1.00004,0,0.0,0.02877,196,0.29458
700,23.33333,0.02437,0.34499,0.0,0.0,-7e-05,0.01768,-0.00672,0.00277,0.99998,0,0.0,0.02277,196,0.2951
701,23.36667,0.02857,0.74587,0.0,0.0,-0.00013,0.01897,-0.01599,0.00317,1.00002,0,0.0,0.02444,196,0.29446
702,23.4,0.03115,0.63617,0.0,0.0,-7e-05,0.00884,-0.00272,0.00015,1.0,0,0.0,0.02979,196,0.29622
703,23.43333,0.0375,0.37897,0.0,0.0,-0.00011,0.02791,-0.01272,0.00269,0.99996,0,0.0,0.02824,196,0.29673
704,23.46667,0.02486,0.67887,0.0,0.0,7e-05,-4e-05,-0.00344,-0.00141,1.00002,0,0.0,0.0236,196,0.29625
705,23.5,0.02087,0.59314,0.0,0.0,-2e-05,0.00831,-0.00197,0.00085,0.99997,0,0.0,0.01957,196,0.29672
706,23.53333,0.02475,0.48309,0.0,0.0,-0.0001,0.00652,-0.00934,0.0009,1.00004,0,0.0,0.0239,196,0.29638
707,23.56667,0.02373,0.52057,0.0,0.0,-5e-05,0.00696,-0.01365,0.00085,1.00005,0,0.0,0.02406,196,0.29744
708,23.6,0.04019,0.58835,0.0,0.0,-8e-05,0.03249,0.00936,-0.00073,0.99995,0,0.0,0.0284,196,0.29691
709,23.63333,0.02517,0.48715,0.0,0.0,1e-05,-0.00906,-0.00708,0.00079,1.00009,0,0.0,0.02334,196,0.29655
710,23.66667,0.02252,0.61255,0.0,0.0,-0.00011,0.0139,-0.00367,0.00194,0.99999,0,0.0,0.02181,196,0.29526
711,23.7,0.02697,0.57533,0.0,0.0,-1e-05,0.01208,-0.00669,0.00154,1.00004,0,0.0,0.02476,196,0.29552
712,23.73333,0.02798,0.7684,0.0,0.0,-0.00023,0.00848,0.02225,-0.00041,0.99995,0,0.0,0.02548,196,0.29528
713,23.76667,0.0221,0.75799,0.0,0.0,2e-05,0.00578,-0.00543,0.0014,1.00002,0,0.0,0.02223,196,0.29526
714,23.8,0.03106,0.56289,0.0,0.0,-2e-05,0.00215,0.00016,0.00251,1.00003,0,0.0,0.02654,196,0.29512
715,23.83333,0.02698,0.47704,0.0,0.0,-3e-05,0.01245,-0.00903,0.00251,1.00001,0,0.0,0.02613,196,0.29641
716,23.86667,0.02435,0.57756,0.0,0.0,-0.0001,-0.00154,-0.00761,0.00132,1.00002,0,0.0,0.02421,196,0.29648
717,23.9,0.02066,0.63797,0.0,0.0,-2e-05,0.00209,-0.00374,0.00059,1.00002,0,0.0,0.02023,196,0.29602
718,23.93333,0.02564,0.59683,0.0,0.0,-2e-05,0.01792,0.00331,0.00055,0.99995,0,0.0,0.02308,196,0.29473
719,23.96667,0.0279,0.44923,0.0,0.0,-4e-05,0.01447,-0.01057,0.00121,1.00003,0,0.0,0.02534,196,0.29434
720,24.0,0.02055,0.61762,0.0,0.0,-6e-05,-0.0062,0.00809,-0.00088,0.99999,0,0.0,0.0211,196,0.2943
721,24.03333,0.02195,0.91973,0.0,0.0,-3e-05,0.00387,0.00447,0.00054,0.99999,0,0.0,0.02199,196,0.29432
722,24.06667,0.02327,0.94882,0.0,0.0,-0.00021,0.00427,0.00369,-0.00026,0.99999,0,0.0,0.02282,196,0.29467
723,24.1,0.02469,0.69063,0.0,0.0,-4e-05,0.00216,-0.00294,-0.00084,1.0,0,0.0,0.02377,196,0.29504
724,24.13333,0.02488,0.47012,0.0,0.0,-4e-05,0.00726,0.0146,-0.00017,0.99996,0,0.0,0.02429,196,0.29623
725,24.16667,0.02185,0.59056,0.0,0.0,6e-05,0.00486,0.00121,0.00014,0.99999,0,0.0,0.02189,196,0.29723
726,24.2,0.02412,0.96105,0.0,0.0,-1e-05,-0.00099,0.00465,-0.00013,0.99999,0,0.0,0.02428,196,0.29834
727,24.23333,0.02385,0.60763,0.0,0.0,6e-05,-0.0071,0.00491,-0.0006,0.99999,0,0.0,0.02363,196,0.29827
728,24.26667,0.02559,0.88454,0.0,0.0,-0.00011,-0.00825,0.00641,-0.00039,1.00002,0,0.0,0.02466,196,0.29916
729,24.3,0.02742,0.48475,0.0,0.0,-4e-05,-0.00024,0.02542,-0.00121,0.99996,0,0.0,0.02456,196,0.29804
730,24.33333,0.02978,1.71196,9e-05,263.15868,-0.00024,-0.01588,0.01988,-0.0019,0.99999,0,0.0,0.02532,196,0.29692
731,24.36667,0.04013,1.18064,2e-05,262.96757,-0.00011,-0.011,0.00737,0.00103,1.00002,0,0.0,0.03297,196,0.29617
732,24.4,0.02423,0.62281,0.0,0.0,-4e-05,-0.00834,0.00499,-0.00102,1.00001,0,0.0,0.02279,196,0.29603
733,24.43333,0.02371,0.77117,0.0,0.0,-5e-05,-0.0036,-0.00197,0.00143,1.00002,0,0.0,0.02299,196,0.29527
734,24.46667,0.03348,0.76982,0.0,0.0,8e-05,-0.02684,0.01196,-0.0025,0.99997,0,0.0,0.02749,196,0.29573
735,24.5,0.02716,0.61251,0.0,0.0,0.0001,-0.0061,0.0001,0.00184,1.00001,0,0.0,0.02463,196,0.29579
736,24.53333,0.02601,0.83485,0.0,0.0,0.00011,-0.02503,-0.00485,-0.00165,1.00006,0,0.0,0.02398,196,0.29569
737,24.56667,0.02694,0.82633,0.0,0.0,6e-05,-0.0088,0.01847,-0.00089,0.99997,0,0.0,0.02486,196,0.29547
738,24.6,0.02587,0.92927,0.0,0.0,1e-05,-0.02852,0.00673,-0.00382,1.00006,0,0.0,0.02365,196,0.29512
739,24.63333,0.02708,0.86866,0.0,0.0,-0.00016,-0.01569,0.01357,-0.00142,0.99995,0,0.0,0.02441,196,0.2949
740,24.66667,0.03017,0.66714,0.0,0.0,0.0,-0.02079,0.0002,0.0001,1.00003,0,0.0,0.0271,196,0.29444
741,24.7,0.03512,0.89304,0.0,0.0,7e-05,-0.01523,0.02692,-0.00075,0.99996,0,0.0,0.02779,196,0.29436
742,24.73333,0.03258,0.97182,0.0,0.0,3e-05,-0.01926,1e-05,5e-05,1.00003,0,0.0,0.02564,196,0.29427
743,24.76667,0.03439,0.68721,0.0,0.0,7e-05,-0.02034,0.00815,-0.00072,0.99998,0,0.0,0.0275,196,0.29363
744,24.8,0.02677,0.78018,0.0,0.0,-4e-05,-0.02317,0.00883,-0.00299,1.00003,0,0.0,0.02501,196,0.29363
745,24.83333,0.03677,0.61037,0.0,0.0,0.00015,-0.01665,0.00901,0.00039,0.99996,0,0.0,0.03236,196,0.29458
746,24.86667,0.02466,0.7835,0.0,0.0,-0.0,-0.00042,0.00674,-0.00025,1.00001,0,0.0,0.02364,196,0.29434
747,24.9,0.02518,0.64235,0.0,0.0,-3e-05,-0.0071,0.00484,-0.00052,0.99999,0,0.0,0.02431,196,0.29464
748,24.93333,0.03498,0.7438,0.0,0.0,-0.0,-0.02591,0.01467,-0.0024,0.99996,0,0.0,0.02985,196,0.29392
749,24.96667,0.02974,0.65172,0.0,0.0,7e-05,-0.025,0.00023,-0.00075,1.00004,0,0.0,0.02591,196,0.29488
750,25.0,0.02509,0.65243,0.0,0.0,0.00015,-0.01515,0.00874,-0.00175,0.99997,0,0.0,0.0228,196,0.29485
751,25.03333,0.03035,0.75137,0.0,0.0,-3e-05,-0.0268,0.00648,-0.00196,1.00003,0,0.0,0.02445,196,0.29479
752,25.06667,0.0283,0.71623,0.0,0.0,-7e-05,-0.01944,0.01117,-0.00256,1.00001,0,0.0,0.02568,196,0.29455
753,25.1,0.03963,0.62517,0.0,0.0,9e-05,-0.03682,0.00746,-0.00209,1.00006,0,0.0,0.02861,196,0.29469
754,25.13333,0.03537,0.83781,0.0,0.0,-0.00012,-0.01528,0.02188,-0.00094,0.99995,0,0.0,0.02891,196,0.29479
755,25.16667,0.02154,0.62976,0.0,0.0,6e-05,-0.02312,0.00155,-0.0035,1.00003,0,0.0,0.02048,196,0.29434
756,25.2,0.03615,0.56202,0.0,0.0,-1e-05,-0.02176,0.03554,-0.00348,0.99995,0,0.0,0.02686,196,0.29415
757,25.23333,0.03332,0.47416,0.0,0.0,0.00011,-0.02313,-0.01395,0.00201,1.00009,0,0.0,0.02638,196,0.29347
758,25.26667,0.03024,0.64929,0.0,0.0,0.00015,-0.01536,0.00452,-0.00046,1.00002,0,0.0,0.0252,196,0.29366
759,25.3,0.03465,0.64878,0.0,0.0,0.00015,-0.03657,0.01168,-0.0037,1.00002,0,0.0,0.02653,196,0.29487
760,25.33333,0.02844,0.68176,0.0,0.0,9e-05,-0.01796,-0.00308,-0.00192,1.00002,0,0.0,0.02635,196,0.29497
761,25.36667,0.03952,0.67062,0.0,0.0,9e-05,-0.02102,0.00191,-0.00089,0.99999,0,0.0,0.03338,196,0.29671
762,25.4,0.02998,0.89632,0.0,0.0,-3e-05,-0.03209,-0.00046,-0.00293,1.00005,0,0.0,0.02746,196,0.2967
763,25.43333,0.03684,0.63468,0.0,0.0,-1e-05,-0.03312,0.00086,-0.00304,1.00001,0,0.0,0.03072,196,0.29544
764,25.46667,0.02756,0.62031,0.0,0.0,-1e-05,-0.00737,0.01149,-0.00068,0.99996,0,0.0,0.02526,196,0.29522
765,25.5,0.03113,0.74226,0.0,0.0,0.00019,-0.03111,0.00523,-0.00281,1.00008,0,0.0,0.02528,196,0.29468
766,25.53333,0.02905,0.87975,0.0,0.0,-0.00018,-0.00622,0.0212,-0.00036,0.99996,0,0.0,0.02478,196,0.29443
767,25.56667,0.02573,0.48688,0.0,0.0,8e-05,-0.02435,0.01517,-0.00441,1.00003,0,0.0,0.02325,196,0.2944
768,25.6,0.03245,0.84931,0.0,0.0,-0.00014,-0.00341,0.02604,0.00012,0.99991,0,0.0,0.02782,196,0.29364
769,25.63333,0.03128,0.59311,0.0,0.0,-0.0,-0.02076,0.00158,-0.00162,1.00006,0,0.0,0.02845,196,0.29479
770,25.66667,0.02687,0.76674,0.0,0.0,3e-05,-0.02371,0.01782,-0.00396,1.0,0,0.0,0.02497,196,0.29518
771,25.7,0.04888,0.71292,0.0,0.0,-4e-05,-0.03382,0.03785,-0.00366,0.99997,0,0.0,0.03289,196,0.2967
772,25.73333,0.02591,0.80128,0.0,0.0,0.0,-0.01304,0.00966,-0.0014,1.00002,0,0.0,0.02408,196,0.29708
773,25.76667,0.02976,0.83407,0.0,0.0,-2e-05,-0.02632,0.02424,-0.00469,1.00001,0,0.0,0.02495,196,0.29742
774,25.8,0.03881,0.54822,0.0,0.0,0.0001,-0.03394,0.02071,-0.00326,1.00002,0,0.0,0.02832,196,0.29633
775,25.83333,0.02386,0.76262,0.0,0.0,2e-05,-0.00911,0.01098,-0.00096,0.99999,0,0.0,0.02182,196,0.29642
776,25.86667,0.0452,0.75734,0.0,0.0,-4e-05,-0.01897,0.0409,-0.00134,0.99991,0,0.0,0.03003,196,0.29544
777,25.9,0.0369,0.59136,0.0,0.0,0.00013,-0.02877,0.01343,-0.00242,1.00004,0,0.0,0.0294,196,0.29592
778,25.93333,0.03822,0.65743,0.0,0.0,9e-05,-0.01572,0.0222,-0.00207,1.00003,0,0.0,0.02866,196,0.29511
779,25.96667,0.0302,0.43437,0.0,0.0,0.0001,-0.00906,0.01216,3e-05,1.00001,0,0.0,0.02434,196,0.29521
780,26.0,0.03669,0.71791,0.0,0.0,0.00012,-0.02458,0.01571,-0.00266,1.00004,0,0.0,0.02869,196,0.29522
781,26.03333,0.02915,0.65262,0.0,0.0,-1e-05,-0.00228,0.0227,-0.00087,0.99996,0,0.0,0.02693,196,0.29484
782,26.06667,0.03653,0.55722,0.0,0.0,0.00011,-0.02829,0.01649,-0.00212,1.00003,0,0.0,0.0294,196,0.29568
783,26.1,0.03444,0.65527,0.0,0.0,-9e-05,-0.01958,0.02617,-0.00302,1.0,0,0.0,0.03118,196,0.29619
784,26.13333,0.04661,0.46791,0.0,0.0,-2e-05,-0.02186,0.03663,-0.00122,1.0,0,0.0,0.03193,196,0.2978
785,26.16667,0.03203,0.59807,0.0,0.0,-6e-05,-0.0066,0.03463,-0.00227,0.99994,0,0.0,0.02648,196,0.29831
786,26.2,0.02971,0.68239,0.0,0.0,-0.00013,-0.02487,0.00993,-0.00164,1.00005,0,0.0,0.02693,196,0.29859
787,26.23333,0.02715,0.75326,0.0,0.0,-2e-05,-0.00576,0.0059,0.00038,1.00005,0,0.0,0.025,196,0.29941
788,26.26667,0.04696,0.80252,0.0,0.0,-5e-05,-0.02083,0.04882,-0.00449,0.99997,0,0.0,0.03118,196,0.29938
789,26.3,0.0353,0.5004,0.0,0.0,-1e-05,-0.00941,0.02125,0.00135,0.99995,0,0.0,0.0257,196,0.29938
790,26.33333,0.04365,0.69214,0.0,0.0,-6e-05,-0.00756,0.03129,-0.00012,0.99998,0,0.0,0.032,195,0.30299
791,26.36667,0.03255,0.77715,0.0,0.0,8e-05,-0.00148,0.01417,0.00185,1.00004,0,0.0,0.0265,195,0.30286
792,26.4,0.02923,0.64346,0.0,0.0,4e-05,-0.02586,0.01901,-0.00556,1.00002,0,0.0,0.02711,195,0.30265
793,26.43333,0.03116,0.72109,0.0,0.0,2e-05,0.00511,0.02134,0.00105,0.99999,0,0.0,0.02392,195,0.30234
794,26.46667,0.0412,0.82374,0.0,0.0,2e-05,-0.01433,0.04441,-0.00129,0.99996,0,0.0,0.02711,195,0.30171
795,26.5,0.02237,0.68089,0.0,0.0,4e-05,-0.01415,0.01297,-0.002,1.0,0,0.0,0.01986,195,0.30051
796,26.53333,0.03827,0.85076,0.0,0.0,1e-05,0.00529,0.01998,0.00351,0.99999,0,0.0,0.02767,195,0.30029
797,26.56667,0.02604,0.5533,0.0,0.0,3e-05,-0.00621,0.02028,-0.00192,0.99998,0,0.0,0.0232,195,0.3009
798,26.6,0.04761,0.63817,0.0,0.0,3e-05,-0.02087,0.03546,-0.00206,1.00004,0,0.0,0.02866,195,0.3008
799,26.63333,0.05259,0.83638,0.0,0.0,3e-05,-0.02268,0.04392,-0.00271,1.0,0,0.0,0.02958,195,0.30039
800,26.66667,0.03384,0.7192,0.0,0.0,-5e-05,-0.00659,0.01824,0.00049,1.0,0,0.0,0.02569,195,0.30007
801,26.7,0.03366,0.71789,0.0,0.0,1e-05,-0.00393,0.02037,3e-05,1.00003,0,0.0,0.02568,195,0.29896
802,26.73333,0.03389,0.97314,0.0,0.0,-8e-05,-0.02139,0.02004,-0.00214,1.00001,0,0.0,0.02572,195,0.29818
803,26.76667,0.03618,0.881,0.0,0.0,-1e-05,-0.01464,0.02141,7e-05,1.00001,0,0.0,0.02552,195,0.29828
804,26.8,0.01991,0.78788,0.0,0.0,6e-05,-0.01007,0.00851,-0.00194,1.00003,0,0.0,0.0191,195,0.29787
805,26.83333,0.02595,0.70666,0.0,0.0,3e-05,0.00198,0.0117,0.00237,1.0,0,0.0,0.02362,195,0.29833
806,26.86667,0.04685,0.84222,0.0,0.0,-0.00013,-0.00206,0.03719,0.0015,1.0,0,0.0,0.02745,195,0.29808
807,26.9,0.03568,0.74067,0.0,0.0,-3e-05,-0.01685,0.03011,-0.00368,1.0,0,0.0,0.0265,195,0.29789
808,26.93333,0.04605,0.87763,0.0,0.0,5e-05,0.00283,0.02953,0.00231,1.00001,0,0.0,0.03016,195,0.29806
809,26.96667,0.02056,0.73282,0.0,0.0,-0.0,-0.0076,0.00332,-0.0007,1.00002,0,0.0,0.01948,195,0.29706
810,27.0,0.02922,0.86384,0.0,0.0,-0.00012,-0.00586,0.01955,-0.00011,0.99998,0,0.0,0.02456,195,0.29734
811,27.03333,0.03677,0.59079,0.0,0.0,-0.00015,-0.01615,0.0212,-0.0007,1.00001,0,0.0,0.02844,195,0.2983
812,27.06667,0.02732,0.78543,0.0,0.0,6e-05,-0.02164,-0.00489,0.00032,1.00007,0,0.0,0.02375,195,0.29923
813,27.1,0.03864,1.04796,1e-05,84.02968,-5e-05,-0.00718,0.03057,0.00018,0.99998,0,0.0,0.02678,195,0.30041
814,27.13333,0.02614,0.69028,0.0,0.0,6e-05,-0.01706,0.00406,-0.00064,1.00004,0,0.0,0.02252,195,0.29929
815,27.16667,0.03398,1.05135,1e-05,82.89982,-1e-05,-0.00787,0.02661,-0.00102,1.00001,0,0.0,0.02718,195,0.29905
816,27.2,0.03452,0.85932,0.0,0.0,-0.0,-0.00101,0.01593,0.00282,1.00003,0,0.0,0.02612,195,0.29938
817,27.23333,0.02534,1.08997,1e-05,84.37898,-1e-05,-0.03075,-0.01219,-0.00157,1.00008,0,0.0,0.02574,195,0.29914
818,27.26667,0.02706,0.68673,0.0,0.0,-3e-05,-0.01037,0.02149,-0.0012,0.99997,0,0.0,0.02285,195,0.29879
819,27.3,0.04478,0.97342,0.0,0.0,-4e-05,-0.01758,0.0246,-0.00106,1.0,0,0.0,0.03386,195,0.30161
820,27.33333,0.02402,1.10218,1e-05,84.18033,-5e-05,-0.00065,0.01744,-0.00043,0.99999,0,0.0,0.02106,195,0.30085
821,27.36667,0.04084,1.17708,1e-05,84.50037,-4e-05,-0.01334,0.01812,0.00049,1.00003,0,0.0,0.02651,195,0.30132
822,27.4,0.02782,0.84321,0.0,0.0,-7e-05,-0.00874,0.02819,-0.00288,0.99995,0,0.0,0.02481,195,0.30088
823,27.43333,0.05113,1.02923,1e-05,84.69255,4e-05,-0.03522,0.01116,0.00059,1.00005,0,0.0,0.03063,195,0.30073
824,27.46667,0.03066,0.96667,0.0,0.0,-0.0,-0.00999,0.00686,0.00043,0.99996,0,0.0,0.02773,195,0.30029
825,27.5,0.02144,0.72084,0.0,0.0,6e-05,-0.00617,0.00122,-0.00106,1.00004,0,0.0,0.01993,195,0.30031
826,27.53333,0.02189,0.68769,0.0,0.0,-0.00015,-0.00375,0.00817,0.00057,0.99997,0,0.0,0.021,195,0.3002
827,27.56667,0.02914,1.03446,1e-05,84.39924,3e-05,-0.01463,0.0153,-0.00088,1.00001,0,0.0,0.02504,195,0.29965
828,27.6,0.02808,0.94367,0.0,0.0,-3e-05,-0.00719,0.00977,0.00067,1.0,0,0.0,0.02413,195,0.29814
829,27.63333,0.03137,0.9436,0.0,0.0,-0.00017,-0.02512,0.00103,-8e-05,1.00002,0,0.0,0.02628,195,0.2979
830,27.66667,0.02114,0.84238,0.0,0.0,-9e-05,-0.00858,0.00507,-0.00107,1.00001,0,0.0,0.02113,195,0.29763
831,27.7,0.02542,0.79902,0.0,0.0,-0.0,-0.01882,-0.00319,-0.00033,1.00009,0,0.0,0.02415,195,0.299
832,27.73333,0.02618,0.70489,0.0,0.0,-0.00013,-0.01332,0.01641,-0.00278,0.99997,0,0.0,0.02553,195,0.29741
833,27.76667,0.02542,1.22989,2e-05,263.51164,-0.00016,-0.0155,0.00255,-0.00266,1.00002,0,0.0,0.02547,195,0.29844
834,27.8,0.03292,1.063,2e-05,262.09591,-0.00016,-0.03763,0.00734,-0.00428,1.00004,0,0.0,0.02985,195,0.29816
835,27.83333,0.02027,0.83313,0.0,0.0,-1e-05,-0.00612,0.00097,0.00066,1.00001,0,0.0,0.02003,195,0.29791
836,27.86667,0.02209,0.2704,0.0,0.0,-5e-05,-0.00487,0.00425,0.00053,0.99998,0,0.0,0.02141,195,0.29825
837,27.9,0.02329,0.64374,0.0,0.0,-5e-05,-0.01319,0.00976,-0.00071,1.0,0,0.0,0.02124,195,0.29908
838,27.93333,0.02205,0.7032,0.0,0.0,-4e-05,-0.01101,0.00426,0.00032,0.99999,0,0.0,0.01964,195,0.29831
839,27.96667,0.02601,0.82346,0.0,0.0,-7e-05,-0.00475,0.00724,0.00119,1.00001,0,0.0,0.02214,195,0.2989
840,28.0,0.02224,0.88419,0.0,0.0,-1e-05,-0.02334,-0.00087,-0.00228,1.00005,0,0.0,0.02095,195,0.29816
841,28.03333,0.02995,0.81117,0.0,0.0,-6e-05,-0.01135,0.01617,-3e-05,0.99998,0,0.0,0.02367,195,0.29788
842,28.06667,0.03139,0.70205,0.0,0.0,-2e-05,-0.02334,0.02008,-0.00353,1.00003,0,0.0,0.02533,195,0.2976
843,28.1,0.02248,0.46988,0.0,0.0,3e-05,-0.00685,0.0063,-0.00116,1.00001,0,0.0,0.0212,195,0.29759
844,28.13333,0.02185,0.69101,0.0,0.0,3e-05,-0.00998,-0.01028,0.0005,1.00003,0,0.0,0.02163,195,0.29746
845,28.16667,0.02485,0.98582,0.0,0.0,-0.00014,-0.00781,-0.01036,-0.00214,1.00002,0,0.0,0.02198,195,0.29808
846,28.2,0.02185,1.16702,2e-05,263.23463,-9e-05,-0.01489,-0.00605,-0.00143,1.00003,0,0.0,0.02178,195,0.29787
847,28.23333,0.02307,0.85524,0.0,0.0,2e-05,-0.02097,-0.0042,-0.00112,1.00003,0,0.0,0.02129,195,0.29714
848,28.26667,0.0337,0.74998,0.0,0.0,-0.0002,0.00044,0.00961,0.00075,0.99995,0,0.0,0.03215,195,0.29905
849,28.3,0.02236,0.70297,0.0,0.0,-3e-05,-0.01535,-0.00197,-0.00279,1.00003,0,0.0,0.02229,195,0.29921
850,28.33333,0.02333,1.25403,2e-05,262.54989,-7e-05,-0.01149,-0.00269,0.00065,1.00005,0,0.0,0.02022,195,0.29805
851,28.36667,0.02822,0.65916,0.0,0.0,5e-05,-0.02171,0.02309,-0.00391,0.99997,0,0.0,0.02343,195,0.29742
852,28.4,0.01501,0.34334,0.0,0.0,-1e-05,-0.01456,-0.00745,-0.00112,1.00005,0,0.0,0.01626,195,0.29788
853,28.43333,0.02158,0.88866,0.0,0.0,-0.00025,-0.00825,-0.0002,-0.00022,1.00001,0,0.0,0.02157,195,0.29711
854,28.46667,0.02744,1.00309,1e-05,83.92615,8e-05,-0.01193,-0.01205,-5e-05,1.00002,0,0.0,0.02462,195,0.29733
855,28.5,0.02274,0.91146,0.0,0.0,1e-05,-0.01064,0.00344,-0.0012,1.00001,0,0.0,0.02312,195,0.29806
856,28.53333,0.02123,0.86151,0.0,0.0,0.0,-0.00979,0.00541,-0.00104,1.00002,0,0.0,0.02251,195,0.29908
857,28.56667,0.01994,0.85416,0.0,0.0,7e-05,0.00198,-0.00035,0.00213,1.00001,0,0.0,0.02031,195,0.29874
858,28.6,0.021,0.92434,0.0,0.0,8e-05,-0.0055,-0.00355,-0.00014,1.00002,0,0.0,0.0207,195,0.2984
859,28.63333,0.02184,1.24913,2e-05,263.18969,3e-05,-0.01327,0.00097,-0.00088,1.00003,0,0.0,0.02011,195,0.29849
860,28.66667,0.02579,0.70599,0.0,0.0,-2e-05,-0.02299,0.0045,-0.00257,1.00002,0,0.0,0.02427,195,0.29761
861,28.7,0.01905,0.90572,0.0,0.0,-8e-05,-0.00855,-0.00694,0.00112,1.00003,0,0.0,0.01772,195,0.29666
862,28.73333,0.02303,1.0965,2e-05,83.67504,0.00018,-0.01983,-0.01378,0.00033,1.00007,0,0.0,0.02078,195,0.29655
863,28.76667,0.01742,1.09936,2e-05,262.78926,-0.00017,0.00218,0.00226,0.00044,1.00001,0,0.0,0.01832,195,0.29661
864,28.8,0.02239,0.82245,0.0,0.0,-6e-05,-0.01489,-0.00353,-0.00039,1.00004,0,0.0,0.02169,195,0.29694
865,28.83333,0.02084,0.93252,0.0,0.0,2e-05,-0.01212,-0.00088,-0.00082,1.00005,0,0.0,0.02038,195,0.29737
866,28.86667,0.02348,1.21432,7e-05,261.95684,-3e-05,-0.00627,-0.00787,0.00092,1.00005,0,0.0,0.02474,195,0.29877
867,28.9,0.02943,0.84262,0.0,0.0,-7e-05,-0.01509,0.01756,-0.00166,1.00003,0,0.0,0.02351,195,0.30073
868,28.93333,0.02435,0.96719,0.0,0.0,5e-05,-0.02017,-0.01264,-0.00155,1.00008,0,0.0,0.02607,195,0.30086
869,28.96667,0.02613,0.47471,0.0,0.0,-0.00011,0.01319,0.00922,0.00052,0.99997,0,0.0,0.02486,194,0.30131
870,29.0,0.0225,0.93974,0.0,0.0,-0.00023,-0.01492,0.00608,-0.00143,1.00002,0,0.0,0.02176,194,0.30042
871,29.03333,0.02171,0.84174,0.0,0.0,-0.00022,-0.00909,-0.00127,0.00066,1.00001,0,0.0,0.0201,194,0.30037
872,29.06667,0.02811,1.08375,1e-05,260.86993,-8e-05,-0.01679,-0.01625,-0.00058,1.00005,0,0.0,0.02534,194,0.29994
873,29.1,0.02234,0.91623,0.0,0.0,-0.0001,-0.00711,0.00963,-0.00011,0.99998,0,0.0,0.02123,194,0.29892
874,29.13333,0.01925,1.03921,2e-05,262.55928,-9e-05,-0.00584,-0.00774,0.00073,1.00002,0,0.0,0.01952,194,0.29848
875,29.16667,0.02252,0.79648,0.0,0.0,-0.00011,-0.00325,0.00663,-0.00095,1.00002,0,0.0,0.02195,194,0.29847
876,29.2,0.0196,0.69611,0.0,0.0,-1e-05,-0.00129,0.00126,-0.00026,1.00002,0,0.0,0.01959,194,0.29916
877,29.23333,0.03467,0.93792,0.0,0.0,-0.00027,-0.01427,0.01532,-0.00132,1.00001,0,0.0,0.03128,194,0.30007
878,29.26667,0.01847,0.79038,0.0,0.0,-1e-05,0.00074,-0.01099,0.00095,1.00003,0,0.0,0.01878,194,0.30039
879,29.3,0.01873,0.74066,0.0,0.0,-0.0,-0.00742,0.00325,-0.0016,1.00002,0,0.0,0.01885,194,0.30039
880,29.33333,0.02406,0.89248,0.0,0.0,-0.00012,-0.00744,0.00984,0.00033,1.0,0,0.0,0.02117,194,0.30022
881,29.36667,0.03096,0.98193,0.0,0.0,-0.00014,-0.01416,0.02125,-0.00163,1.0,0,0.0,0.02305,194,0.29994
882,29.4,0.0259,0.70287,0.0,0.0,-2e-05,-0.00447,0.00375,0.00126,1.00004,0,0.0,0.02121,194,0.29939
883,29.43333,0.02404,0.95251,0.0,0.0,-0.00026,-0.00622,0.0123,-0.00039,0.99994,0,0.0,0.02487,194,0.29875
884,29.46667,0.02272,1.01748,1e-05,260.7724,-8e-05,-0.01563,0.00865,-0.00221,1.00003,0,0.0,0.02091,194,0.29855
885,29.5,0.02024,0.92615,0.0,0.0,-7e-05,-0.01988,0.00234,-0.00291,1.00002,0,0.0,0.01957,194,0.29762
886,29.53333,0.01904,0.99614,0.0,0.0,-0.00022,-0.00465,-0.00259,0.00043,1.00001,0,0.0,0.01833,194,0.29753
887,29.56667,0.02356,0.85827,0.0,0.0,8e-05,-0.02066,-0.00197,-0.00179,1.00003,0,0.0,0.02129,194,0.29723
888,29.6,0.02597,0.76908,0.0,0.0,2e-05,-0.0058,0.0156,-0.00096,1.0,0,0.0,0.02167,194,0.29625
889,29.63333,0.0392,0.68828,0.0,0.0,-0.00011,-0.0127,0.02046,0.00144,0.99994,0,0.0,0.02585,194,0.29722
890,29.66667,0.02024,0.92355,0.0,0.0,-0.0001,-0.00426,0.00625,-0.00018,1.00001,0,0.0,0.01861,194,0.29787
891,29.7,0.02104,0.797,0.0,0.0,0.00014,-0.01734,-0.00366,-0.00034,1.00003,0,0.0,0.01901,194,0.29671
892,29.73333,0.02522,0.63838,0.0,0.0,6e-05,-0.01766,0.01825,-0.00322,0.99999,0,0.0,0.02303,194,0.29709
893,29.76667,0.0381,0.92115,0.0,0.0,3e-05,-0.00925,0.02027,0.00087,0.99992,0,0.0,0.0306,194,0.29673
894,29.8,0.01968,0.92159,0.0,0.0,-0.0,0.00286,-0.00653,0.00158,1.00004,0,0.0,0.0204,194,0.29795
895,29.83333,0.02092,0.96331,0.0,0.0,0.00016,-0.01576,-0.00249,-0.0016,1.00002,0,0.0,0.02055,194,0.29802
896,29.86667,0.0201,0.88907,0.0,0.0,4e-05,-0.01381,-0.00263,-0.00088,1.00006,0,0.0,0.01986,194,0.29807
897,29.9,0.02804,0.79544,0.0,0.0,0.0001,-0.01723,-0.00199,0.00052,1.00004,0,0.0,0.02351,194,0.29843
898,29.93333,0.023,0.83316,0.0,0.0,7e-05,-0.01703,0.01176,-0.00308,0.99998,0,0.0,0.02096,194,0.29852
899,29.96667,0.02996,0.88754,0.0,0.0,0.00013,-0.01875,0.00279,0.00118,1.00001,0,0.0,0.02433,194,0.29801
